Workbook

Sheet Instrucciones
B2: SEGUIMIENTO DE CARGA Y DOLOR
B3: Cadete Masculino · Temporada 2026/2027 · 39 microciclos
B5: Qué se registra
B6: Percepción de esfuerzo (RPE) después de cada sesión, escala 0-10. Se pregunta al acabar, no durante.
B7: Dolor en rodilla, talón y espalda, escala 0-10, una vez por semana. Basta preguntarlo el lunes.
B8: Talla, cada dos meses, en la hoja Jugadores.
B9: Salto vertical (CMJ), cada dos o tres semanas, tres intentos el lunes. Se anota el mejor en la hoja Registro. Un descenso mantenido respecto a la media del jugador indica fatiga acumulada.
B10: Bienestar: sueño, fatiga, agujetas y ánimo, escala 1-5, los lunes. Se anota la suma.
B12: Hojas del libro
B13: Jugadores — Escribe aquí los nombres. Se propagan solos al resto de hojas. Debajo, las siete mediciones de talla y el crecimiento entre ellas.
B14: Registro — Es la única hoja donde se escriben datos de sesión. Una fila por jugador y semana. Rellena solo las celdas amarillas.
B15: Panel dolor — Mapa de calor del dolor máximo de cada jugador semana a semana. Se rellena solo.
... B30: Celdas amarillas: para rellenar. Celdas blancas o grises: calculadas, no tocar.

Sheet Jugadores
A1: PLANTILLA Y CONTROL DE CRECIMIENTO
A2: Escribe los nombres en la columna B. Las tallas van en centímetros.
A4: # | B4: Jugador | C4: Año nac. | D4: Puesto | E4: Talla 7 sep | F4: Talla 5 oct | G4: Talla 23 nov | H4: Talla 18 ene | I4: Talla 15 feb | J4: Talla 8 mar | K4: Talla 26 abr | L4: Máx. crecim. (cm) | M4: Aviso
A5: 1 | B5: Jugador 1 | L5: =IF(COUNT(E5:K5)<2,"",MAX(IFERROR(F5-E5,0),IFERROR(G5-F5,0),IFERROR(H5-G5,0),IFERROR(I5-H5,0),IFERROR(J5-I5,0),IFERROR(K5-J5,0))) | M5: =IF(L5="","",IF(L5>1.2,"Pico de crecimiento · mitad de contactos de pliometría","Normal"))
A6: 2 | B6: Jugador 2 | L6: =IF(COUNT(E6:K6)<2,"",MAX(IFERROR(F6-E6,0),IFERROR(G6-F6,0),IFERROR(H6-G6,0),IFERROR(I6-H6,0),IFERROR(J6-I6,0),IFERROR(K6-J6,0))) | M6: =IF(L6="","",IF(L6>1.2,"Pico de crecimiento · mitad de contactos de pliometría","Normal"))
A7: 3 | B7: Jugador 3 | L7: =IF(COUNT(E7:K7)<2,"",MAX(IFERROR(F7-E7,0),IFERROR(G7-F7,0),IFERROR(H7-G7,0),IFERROR(I7-H7,0),IFERROR(J7-I7,0),IFERROR(K7-J7,0))) | M7: =IF(L7="","",IF(L7>1.2,"Pico de crecimiento · mitad de contactos de pliometría","Normal"))
A8: 4 | B8: Jugador 4 | L8: =IF(COUNT(E8:K8)<2,"",MAX(IFERROR(F8-E8,0),IFERROR(G8-F8,0),IFERROR(H8-G8,0),IFERROR(I8-H8,0),IFERROR(J8-I8,0),IFERROR(K8-J8,0))) | M8: =IF(L8="","",IF(L8>1.2,"Pico de crecimiento · mitad de contactos de pliometría","Normal"))
A9: 5 | B9: Jugador 5 | L9: =IF(COUNT(E9:K9)<2,"",MAX(IFERROR(F9-E9,0),IFERROR(G9-F9,0),IFERROR(H9-G9,0),IFERROR(I9-H9,0),IFERROR(J9-I9,0),IFERROR(K9-J9,0))) | M9: =IF(L9="","",IF(L9>1.2,"Pico de crecimiento · mitad de contactos de pliometría","Normal"))
A10: 6 | B10: Jugador 6 | L10: =IF(COUNT(E10:K10)<2,"",MAX(IFERROR(F10-E10,0),IFERROR(G10-F10,0),IFERROR(H10-G10,0),IFERROR(I10-H10,0),IFERROR(J10-I10,0),IFERROR(K10-J10,0))) | M10: =IF(L10="","",IF(L10>1.2,"Pico de crecimiento · mitad de contactos de pliometría","Normal"))
A11: 7 | B11: Jugador 7 | L11: =IF(COUNT(E11:K11)<2,"",MAX(IFERROR(F11-E11,0),IFERROR(G11-F11,0),IFERROR(H11-G11,0),IFERROR(I11-H11,0),IFERROR(J11-I11,0),IFERROR(K11-J11,0))) | M11: =IF(L11="","",IF(L11>1.2,"Pico de crecimiento · mitad de contactos de pliometría","Normal"))
A12: 8 | B12: Jugador 8 | L12: =IF(COUNT(E12:K12)<2,"",MAX(IFERROR(F12-E12,0),IFERROR(G12-F12,0),IFERROR(H12-G12,0),IFERROR(I12-H12,0),IFERROR(J12-I12,0),IFERROR(K12-J12,0))) | M12: =IF(L12="","",IF(L12>1.2,"Pico de crecimiento · mitad de contactos de pliometría","Normal"))
A13: 9 | B13: Jugador 9 | L13: =IF(COUNT(E13:K13)<2,"",MAX(IFERROR(F13-E13,0),IFERROR(G13-F13,0),IFERROR(H13-G13,0),IFERROR(I13-H13,0),IFERROR(J13-I13,0),IFERROR(K13-J13,0))) | M13: =IF(L13="","",IF(L13>1.2,"Pico de crecimiento · mitad de contactos de pliometría","Normal"))
A14: 10 | B14: Jugador 10 | L14: =IF(COUNT(E14:K14)<2,"",MAX(IFERROR(F14-E14,0),IFERROR(G14-F14,0),IFERROR(H14-G14,0),IFERROR(I14-H14,0),IFERROR(J14-I14,0),IFERROR(K14-J14,0))) | M14: =IF(L14="","",IF(L14>1.2,"Pico de crecimiento · mitad de contactos de pliometría","Normal"))
A15: 11 | B15: Jugador 11 | L15: =IF(COUNT(E15:K15)<2,"",MAX(IFERROR(F15-E15,0),IFERROR(G15-F15,0),IFERROR(H15-G15,0),IFERROR(I15-H15,0),IFERROR(J15-I15,0),IFERROR(K15-J15,0))) | M15: =IF(L15="","",IF(L15>1.2,"Pico de crecimiento · mitad de contactos de pliometría","Normal"))
A16: 12 | B16: Jugador 12 | L16: =IF(COUNT(E16:K16)<2,"",MAX(IFERROR(F16-E16,0),IFERROR(G16-F16,0),IFERROR(H16-G16,0),IFERROR(I16-H16,0),IFERROR(J16-I16,0),IFERROR(K16-J16,0))) | M16: =IF(L16="","",IF(L16>1.2,"Pico de crecimiento · mitad de contactos de pliometría","Normal"))
... A18: 14 | B18: Jugador 14 | L18: =IF(COUNT(E18:K18)<2,"",MAX(IFERROR(F18-E18,0),IFERROR(G18-F18,0),IFERROR(H18-G18,0),IFERROR(I18-H18,0),IFERROR(J18-I18,0),IFERROR(K18-J18,0))) | M18: =IF(L18="","",IF(L18>1.2,"Pico de crecimiento · mitad de contactos de pliometría","Normal"))

Sheet Registro
A1: REGISTRO SEMANAL
A2: Rellena solo las celdas amarillas. Una fila por jugador y semana.
A4: Sem | B4: Lunes | C4: Meso | D4: Partido | E4: Carga plan. | F4: Jugador | G4: RPE L | H4: RPE X | I4: RPE V | J4: Carga sem. | K4: Dolor rodilla | L4: Dolor talón | M4: Dolor espalda | N4: Máx dolor | O4: Actuación | P4: CMJ (cm) | Q4: Bienestar (4-20)
A5: 1 | B5: 46272 | C5: M0 | D5: — | E5: 6 | F5: =Jugadores!$B$5 -> Jugador 1 | J5: =IF(COUNT(G5:I5)=0,"",G5*55+H5*50+I5*50) | N5: =IF(COUNT(K5:M5)=0,"",MAX(K5:M5)) | O5: =IF(N5="","",IF(N5>=7,"Sin pliometría ni velocidad. Solo isométricos, movilidad y tren superior. Valoración médica",IF(N5>=4,"Sin pliometría el lunes. Sentadilla española 5x45 s","Sesión normal")))
A6: 1 | B6: 46272 | C6: M0 | D6: — | E6: 6 | F6: =Jugadores!$B$6 -> Jugador 2 | J6: =IF(COUNT(G6:I6)=0,"",G6*55+H6*50+I6*50) | N6: =IF(COUNT(K6:M6)=0,"",MAX(K6:M6)) | O6: =IF(N6="","",IF(N6>=7,"Sin pliometría ni velocidad. Solo isométricos, movilidad y tren superior. Valoración médica",IF(N6>=4,"Sin pliometría el lunes. Sentadilla española 5x45 s","Sesión normal")))
A7: 1 | B7: 46272 | C7: M0 | D7: — | E7: 6 | F7: =Jugadores!$B$7 -> Jugador 3 | J7: =IF(COUNT(G7:I7)=0,"",G7*55+H7*50+I7*50) | N7: =IF(COUNT(K7:M7)=0,"",MAX(K7:M7)) | O7: =IF(N7="","",IF(N7>=7,"Sin pliometría ni velocidad. Solo isométricos, movilidad y tren superior. Valoración médica",IF(N7>=4,"Sin pliometría el lunes. Sentadilla española 5x45 s","Sesión normal")))
A8: 1 | B8: 46272 | C8: M0 | D8: — | E8: 6 | F8: =Jugadores!$B$8 -> Jugador 4 | J8: =IF(COUNT(G8:I8)=0,"",G8*55+H8*50+I8*50) | N8: =IF(COUNT(K8:M8)=0,"",MAX(K8:M8)) | O8: =IF(N8="","",IF(N8>=7,"Sin pliometría ni velocidad. Solo isométricos, movilidad y tren superior. Valoración médica",IF(N8>=4,"Sin pliometría el lunes. Sentadilla española 5x45 s","Sesión normal")))
A9: 1 | B9: 46272 | C9: M0 | D9: — | E9: 6 | F9: =Jugadores!$B$9 -> Jugador 5 | J9: =IF(COUNT(G9:I9)=0,"",G9*55+H9*50+I9*50) | N9: =IF(COUNT(K9:M9)=0,"",MAX(K9:M9)) | O9: =IF(N9="","",IF(N9>=7,"Sin pliometría ni velocidad. Solo isométricos, movilidad y tren superior. Valoración médica",IF(N9>=4,"Sin pliometría el lunes. Sentadilla española 5x45 s","Sesión normal")))
A10: 1 | B10: 46272 | C10: M0 | D10: — | E10: 6 | F10: =Jugadores!$B$10 -> Jugador 6 | J10: =IF(COUNT(G10:I10)=0,"",G10*55+H10*50+I10*50) | N10: =IF(COUNT(K10:M10)=0,"",MAX(K10:M10)) | O10: =IF(N10="","",IF(N10>=7,"Sin pliometría ni velocidad. Solo isométricos, movilidad y tren superior. Valoración médica",IF(N10>=4,"Sin pliometría el lunes. Sentadilla española 5x45 s","Sesión normal")))
A11: 1 | B11: 46272 | C11: M0 | D11: — | E11: 6 | F11: =Jugadores!$B$11 -> Jugador 7 | J11: =IF(COUNT(G11:I11)=0,"",G11*55+H11*50+I11*50) | N11: =IF(COUNT(K11:M11)=0,"",MAX(K11:M11)) | O11: =IF(N11="","",IF(N11>=7,"Sin pliometría ni velocidad. Solo isométricos, movilidad y tren superior. Valoración médica",IF(N11>=4,"Sin pliometría el lunes. Sentadilla española 5x45 s","Sesión normal")))
A12: 1 | B12: 46272 | C12: M0 | D12: — | E12: 6 | F12: =Jugadores!$B$12 -> Jugador 8 | J12: =IF(COUNT(G12:I12)=0,"",G12*55+H12*50+I12*50) | N12: =IF(COUNT(K12:M12)=0,"",MAX(K12:M12)) | O12: =IF(N12="","",IF(N12>=7,"Sin pliometría ni velocidad. Solo isométricos, movilidad y tren superior. Valoración médica",IF(N12>=4,"Sin pliometría el lunes. Sentadilla española 5x45 s","Sesión normal")))
A13: 1 | B13: 46272 | C13: M0 | D13: — | E13: 6 | F13: =Jugadores!$B$13 -> Jugador 9 | J13: =IF(COUNT(G13:I13)=0,"",G13*55+H13*50+I13*50) | N13: =IF(COUNT(K13:M13)=0,"",MAX(K13:M13)) | O13: =IF(N13="","",IF(N13>=7,"Sin pliometría ni velocidad. Solo isométricos, movilidad y tren superior. Valoración médica",IF(N13>=4,"Sin pliometría el lunes. Sentadilla española 5x45 s","Sesión normal")))
A14: 1 | B14: 46272 | C14: M0 | D14: — | E14: 6 | F14: =Jugadores!$B$14 -> Jugador 10 | J14: =IF(COUNT(G14:I14)=0,"",G14*55+H14*50+I14*50) | N14: =IF(COUNT(K14:M14)=0,"",MAX(K14:M14)) | O14: =IF(N14="","",IF(N14>=7,"Sin pliometría ni velocidad. Solo isométricos, movilidad y tren superior. Valoración médica",IF(N14>=4,"Sin pliometría el lunes. Sentadilla española 5x45 s","Sesión normal")))
A15: 1 | B15: 46272 | C15: M0 | D15: — | E15: 6 | F15: =Jugadores!$B$15 -> Jugador 11 | J15: =IF(COUNT(G15:I15)=0,"",G15*55+H15*50+I15*50) | N15: =IF(COUNT(K15:M15)=0,"",MAX(K15:M15)) | O15: =IF(N15="","",IF(N15>=7,"Sin pliometría ni velocidad. Solo isométricos, movilidad y tren superior. Valoración médica",IF(N15>=4,"Sin pliometría el lunes. Sentadilla española 5x45 s","Sesión normal")))
A16: 1 | B16: 46272 | C16: M0 | D16: — | E16: 6 | F16: =Jugadores!$B$16 -> Jugador 12 | J16: =IF(COUNT(G16:I16)=0,"",G16*55+H16*50+I16*50) | N16: =IF(COUNT(K16:M16)=0,"",MAX(K16:M16)) | O16: =IF(N16="","",IF(N16>=7,"Sin pliometría ni velocidad. Solo isométricos, movilidad y tren superior. Valoración médica",IF(N16>=4,"Sin pliometría el lunes. Sentadilla española 5x45 s","Sesión normal")))
A17: 1 | B17: 46272 | C17: M0 | D17: — | E17: 6 | F17: =Jugadores!$B$17 -> Jugador 13 | J17: =IF(COUNT(G17:I17)=0,"",G17*55+H17*50+I17*50) | N17: =IF(COUNT(K17:M17)=0,"",MAX(K17:M17)) | O17: =IF(N17="","",IF(N17>=7,"Sin pliometría ni velocidad. Solo isométricos, movilidad y tren superior. Valoración médica",IF(N17>=4,"Sin pliometría el lunes. Sentadilla española 5x45 s","Sesión normal")))
A18: 1 | B18: 46272 | C18: M0 | D18: — | E18: 6 | F18: =Jugadores!$B$18 -> Jugador 14 | J18: =IF(COUNT(G18:I18)=0,"",G18*55+H18*50+I18*50) | N18: =IF(COUNT(K18:M18)=0,"",MAX(K18:M18)) | O18: =IF(N18="","",IF(N18>=7,"Sin pliometría ni velocidad. Solo isométricos, movilidad y tren superior. Valoración médica",IF(N18>=4,"Sin pliometría el lunes. Sentadilla española 5x45 s","Sesión normal")))
A19: 2 | B19: 46279 | C19: M0 | D19: — | E19: 8 | F19: =Jugadores!$B$5 -> Jugador 1 | J19: =IF(COUNT(G19:I19)=0,"",G19*55+H19*50+I19*50) | N19: =IF(COUNT(K19:M19)=0,"",MAX(K19:M19)) | O19: =IF(N19="","",IF(N19>=7,"Sin pliometría ni velocidad. Solo isométricos, movilidad y tren superior. Valoración médica",IF(N19>=4,"Sin pliometría el lunes. Sentadilla española 5x45 s","Sesión normal")))
A20: 2 | B20: 46279 | C20: M0 | D20: — | E20: 8 | F20: =Jugadores!$B$6 -> Jugador 2 | J20: =IF(COUNT(G20:I20)=0,"",G20*55+H20*50+I20*50) | N20: =IF(COUNT(K20:M20)=0,"",MAX(K20:M20)) | O20: =IF(N20="","",IF(N20>=7,"Sin pliometría ni velocidad. Solo isométricos, movilidad y tren superior. Valoración médica",IF(N20>=4,"Sin pliometría el lunes. Sentadilla española 5x45 s","Sesión normal")))
A21: 2 | B21: 46279 | C21: M0 | D21: — | E21: 8 | F21: =Jugadores!$B$7 -> Jugador 3 | J21: =IF(COUNT(G21:I21)=0,"",G21*55+H21*50+I21*50) | N21: =IF(COUNT(K21:M21)=0,"",MAX(K21:M21)) | O21: =IF(N21="","",IF(N21>=7,"Sin pliometría ni velocidad. Solo isométricos, movilidad y tren superior. Valoración médica",IF(N21>=4,"Sin pliometría el lunes. Sentadilla española 5x45 s","Sesión normal")))
A22: 2 | B22: 46279 | C22: M0 | D22: — | E22: 8 | F22: =Jugadores!$B$8 -> Jugador 4 | J22: =IF(COUNT(G22:I22)=0,"",G22*55+H22*50+I22*50) | N22: =IF(COUNT(K22:M22)=0,"",MAX(K22:M22)) | O22: =IF(N22="","",IF(N22>=7,"Sin pliometría ni velocidad. Solo isométricos, movilidad y tren superior. Valoración médica",IF(N22>=4,"Sin pliometría el lunes. Sentadilla española 5x45 s","Sesión normal")))
A23: 2 | B23: 46279 | C23: M0 | D23: — | E23: 8 | F23: =Jugadores!$B$9 -> Jugador 5 | J23: =IF(COUNT(G23:I23)=0,"",G23*55+H23*50+I23*50) | N23: =IF(COUNT(K23:M23)=0,"",MAX(K23:M23)) | O23: =IF(N23="","",IF(N23>=7,"Sin pliometría ni velocidad. Solo isométricos, movilidad y tren superior. Valoración médica",IF(N23>=4,"Sin pliometría el lunes. Sentadilla española 5x45 s","Sesión normal")))
A24: 2 | B24: 46279 | C24: M0 | D24: — | E24: 8 | F24: =Jugadores!$B$10 -> Jugador 6 | J24: =IF(COUNT(G24:I24)=0,"",G24*55+H24*50+I24*50) | N24: =IF(COUNT(K24:M24)=0,"",MAX(K24:M24)) | O24: =IF(N24="","",IF(N24>=7,"Sin pliometría ni velocidad. Solo isométricos, movilidad y tren superior. Valoración médica",IF(N24>=4,"Sin pliometría el lunes. Sentadilla española 5x45 s","Sesión normal")))
A25: 2 | B25: 46279 | C25: M0 | D25: — | E25: 8 | F25: =Jugadores!$B$11 -> Jugador 7 | J25: =IF(COUNT(G25:I25)=0,"",G25*55+H25*50+I25*50) | N25: =IF(COUNT(K25:M25)=0,"",MAX(K25:M25)) | O25: =IF(N25="","",IF(N25>=7,"Sin pliometría ni velocidad. Solo isométricos, movilidad y tren superior. Valoración médica",IF(N25>=4,"Sin pliometría el lunes. Sentadilla española 5x45 s","Sesión normal")))
A26: 2 | B26: 46279 | C26: M0 | D26: — | E26: 8 | F26: =Jugadores!$B$12 -> Jugador 8 | J26: =IF(COUNT(G26:I26)=0,"",G26*55+H26*50+I26*50) | N26: =IF(COUNT(K26:M26)=0,"",MAX(K26:M26)) | O26: =IF(N26="","",IF(N26>=7,"Sin pliometría ni velocidad. Solo isométricos, movilidad y tren superior. Valoración médica",IF(N26>=4,"Sin pliometría el lunes. Sentadilla española 5x45 s","Sesión normal")))
A27: 2 | B27: 46279 | C27: M0 | D27: — | E27: 8 | F27: =Jugadores!$B$13 -> Jugador 9 | J27: =IF(COUNT(G27:I27)=0,"",G27*55+H27*50+I27*50) | N27: =IF(COUNT(K27:M27)=0,"",MAX(K27:M27)) | O27: =IF(N27="","",IF(N27>=7,"Sin pliometría ni velocidad. Solo isométricos, movilidad y tren superior. Valoración médica",IF(N27>=4,"Sin pliometría el lunes. Sentadilla española 5x45 s","Sesión normal")))
A28: 2 | B28: 46279 | C28: M0 | D28: — | E28: 8 | F28: =Jugadores!$B$14 -> Jugador 10 | J28: =IF(COUNT(G28:I28)=0,"",G28*55+H28*50+I28*50) | N28: =IF(COUNT(K28:M28)=0,"",MAX(K28:M28)) | O28: =IF(N28="","",IF(N28>=7,"Sin pliometría ni velocidad. Solo isométricos, movilidad y tren superior. Valoración médica",IF(N28>=4,"Sin pliometría el lunes. Sentadilla española 5x45 s","Sesión normal")))
A29: 2 | B29: 46279 | C29: M0 | D29: — | E29: 8 | F29: =Jugadores!$B$15 -> Jugador 11 | J29: =IF(COUNT(G29:I29)=0,"",G29*55+H29*50+I29*50) | N29: =IF(COUNT(K29:M29)=0,"",MAX(K29:M29)) | O29: =IF(N29="","",IF(N29>=7,"Sin pliometría ni velocidad. Solo isométricos, movilidad y tren superior. Valoración médica",IF(N29>=4,"Sin pliometría el lunes. Sentadilla española 5x45 s","Sesión normal")))
A30: 2 | B30: 46279 | C30: M0 | D30: — | E30: 8 | F30: =Jugadores!$B$16 -> Jugador 12 | J30: =IF(COUNT(G30:I30)=0,"",G30*55+H30*50+I30*50) | N30: =IF(COUNT(K30:M30)=0,"",MAX(K30:M30)) | O30: =IF(N30="","",IF(N30>=7,"Sin pliometría ni velocidad. Solo isométricos, movilidad y tren superior. Valoración médica",IF(N30>=4,"Sin pliometría el lunes. Sentadilla española 5x45 s","Sesión normal")))
A31: 2 | B31: 46279 | C31: M0 | D31: — | E31: 8 | F31: =Jugadores!$B$17 -> Jugador 13 | J31: =IF(COUNT(G31:I31)=0,"",G31*55+H31*50+I31*50) | N31: =IF(COUNT(K31:M31)=0,"",MAX(K31:M31)) | O31: =IF(N31="","",IF(N31>=7,"Sin pliometría ni velocidad. Solo isométricos, movilidad y tren superior. Valoración médica",IF(N31>=4,"Sin pliometría el lunes. Sentadilla española 5x45 s","Sesión normal")))
A32: 2 | B32: 46279 | C32: M0 | D32: — | E32: 8 | F32: =Jugadores!$B$18 -> Jugador 14 | J32: =IF(COUNT(G32:I32)=0,"",G32*55+H32*50+I32*50) | N32: =IF(COUNT(K32:M32)=0,"",MAX(K32:M32)) | O32: =IF(N32="","",IF(N32>=7,"Sin pliometría ni velocidad. Solo isométricos, movilidad y tren superior. Valoración médica",IF(N32>=4,"Sin pliometría el lunes. Sentadilla española 5x45 s","Sesión normal")))
A33: 3 | B33: 46286 | C33: M0 | D33: Amist. | E33: 9 | F33: =Jugadores!$B$5 -> Jugador 1 | J33: =IF(COUNT(G33:I33)=0,"",G33*55+H33*50+I33*50) | N33: =IF(COUNT(K33:M33)=0,"",MAX(K33:M33)) | O33: =IF(N33="","",IF(N33>=7,"Sin pliometría ni velocidad. Solo isométricos, movilidad y tren superior. Valoración médica",IF(N33>=4,"Sin pliometría el lunes. Sentadilla española 5x45 s","Sesión normal")))
A34: 3 | B34: 46286 | C34: M0 | D34: Amist. | E34: 9 | F34: =Jugadores!$B$6 -> Jugador 2 | J34: =IF(COUNT(G34:I34)=0,"",G34*55+H34*50+I34*50) | N34: =IF(COUNT(K34:M34)=0,"",MAX(K34:M34)) | O34: =IF(N34="","",IF(N34>=7,"Sin pliometría ni velocidad. Solo isométricos, movilidad y tren superior. Valoración médica",IF(N34>=4,"Sin pliometría el lunes. Sentadilla española 5x45 s","Sesión normal")))
A35: 3 | B35: 46286 | C35: M0 | D35: Amist. | E35: 9 | F35: =Jugadores!$B$7 -> Jugador 3 | J35: =IF(COUNT(G35:I35)=0,"",G35*55+H35*50+I35*50) | N35: =IF(COUNT(K35:M35)=0,"",MAX(K35:M35)) | O35: =IF(N35="","",IF(N35>=7,"Sin pliometría ni velocidad. Solo isométricos, movilidad y tren superior. Valoración médica",IF(N35>=4,"Sin pliometría el lunes. Sentadilla española 5x45 s","Sesión normal")))
A36: 3 | B36: 46286 | C36: M0 | D36: Amist. | E36: 9 | F36: =Jugadores!$B$8 -> Jugador 4 | J36: =IF(COUNT(G36:I36)=0,"",G36*55+H36*50+I36*50) | N36: =IF(COUNT(K36:M36)=0,"",MAX(K36:M36)) | O36: =IF(N36="","",IF(N36>=7,"Sin pliometría ni velocidad. Solo isométricos, movilidad y tren superior. Valoración médica",IF(N36>=4,"Sin pliometría el lunes. Sentadilla española 5x45 s","Sesión normal")))
A37: 3 | B37: 46286 | C37: M0 | D37: Amist. | E37: 9 | F37: =Jugadores!$B$9 -> Jugador 5 | J37: =IF(COUNT(G37:I37)=0,"",G37*55+H37*50+I37*50) | N37: =IF(COUNT(K37:M37)=0,"",MAX(K37:M37)) | O37: =IF(N37="","",IF(N37>=7,"Sin pliometría ni velocidad. Solo isométricos, movilidad y tren superior. Valoración médica",IF(N37>=4,"Sin pliometría el lunes. Sentadilla española 5x45 s","Sesión normal")))
A38: 3 | B38: 46286 | C38: M0 | D38: Amist. | E38: 9 | F38: =Jugadores!$B$10 -> Jugador 6 | J38: =IF(COUNT(G38:I38)=0,"",G38*55+H38*50+I38*50) | N38: =IF(COUNT(K38:M38)=0,"",MAX(K38:M38)) | O38: =IF(N38="","",IF(N38>=7,"Sin pliometría ni velocidad. Solo isométricos, movilidad y tren superior. Valoración médica",IF(N38>=4,"Sin pliometría el lunes. Sentadilla española 5x45 s","Sesión normal")))
A39: 3 | B39: 46286 | C39: M0 | D39: Amist. | E39: 9 | F39: =Jugadores!$B$11 -> Jugador 7 | J39: =IF(COUNT(G39:I39)=0,"",G39*55+H39*50+I39*50) | N39: =IF(COUNT(K39:M39)=0,"",MAX(K39:M39)) | O39: =IF(N39="","",IF(N39>=7,"Sin pliometría ni velocidad. Solo isométricos, movilidad y tren superior. Valoración médica",IF(N39>=4,"Sin pliometría el lunes. Sentadilla española 5x45 s","Sesión normal")))
A40: 3 | B40: 46286 | C40: M0 | D40: Amist. | E40: 9 | F40: =Jugadores!$B$12 -> Jugador 8 | J40: =IF(COUNT(G40:I40)=0,"",G40*55+H40*50+I40*50) | N40: =IF(COUNT(K40:M40)=0,"",MAX(K40:M40)) | O40: =IF(N40="","",IF(N40>=7,"Sin pliometría ni velocidad. Solo isométricos, movilidad y tren superior. Valoración médica",IF(N40>=4,"Sin pliometría el lunes. Sentadilla española 5x45 s","Sesión normal")))
A41: 3 | B41: 46286 | C41: M0 | D41: Amist. | E41: 9 | F41: =Jugadores!$B$13 -> Jugador 9 | J41: =IF(COUNT(G41:I41)=0,"",G41*55+H41*50+I41*50) | N41: =IF(COUNT(K41:M41)=0,"",MAX(K41:M41)) | O41: =IF(N41="","",IF(N41>=7,"Sin pliometría ni velocidad. Solo isométricos, movilidad y tren superior. Valoración médica",IF(N41>=4,"Sin pliometría el lunes. Sentadilla española 5x45 s","Sesión normal")))
A42: 3 | B42: 46286 | C42: M0 | D42: Amist. | E42: 9 | F42: =Jugadores!$B$14 -> Jugador 10 | J42: =IF(COUNT(G42:I42)=0,"",G42*55+H42*50+I42*50) | N42: =IF(COUNT(K42:M42)=0,"",MAX(K42:M42)) | O42: =IF(N42="","",IF(N42>=7,"Sin pliometría ni velocidad. Solo isométricos, movilidad y tren superior. Valoración médica",IF(N42>=4,"Sin pliometría el lunes. Sentadilla española 5x45 s","Sesión normal")))
A43: 3 | B43: 46286 | C43: M0 | D43: Amist. | E43: 9 | F43: =Jugadores!$B$15 -> Jugador 11 | J43: =IF(COUNT(G43:I43)=0,"",G43*55+H43*50+I43*50) | N43: =IF(COUNT(K43:M43)=0,"",MAX(K43:M43)) | O43: =IF(N43="","",IF(N43>=7,"Sin pliometría ni velocidad. Solo isométricos, movilidad y tren superior. Valoración médica",IF(N43>=4,"Sin pliometría el lunes. Sentadilla española 5x45 s","Sesión normal")))
A44: 3 | B44: 46286 | C44: M0 | D44: Amist. | E44: 9 | F44: =Jugadores!$B$16 -> Jugador 12 | J44: =IF(COUNT(G44:I44)=0,"",G44*55+H44*50+I44*50) | N44: =IF(COUNT(K44:M44)=0,"",MAX(K44:M44)) | O44: =IF(N44="","",IF(N44>=7,"Sin pliometría ni velocidad. Solo isométricos, movilidad y tren superior. Valoración médica",IF(N44>=4,"Sin pliometría el lunes. Sentadilla española 5x45 s","Sesión normal")))
A45: 3 | B45: 46286 | C45: M0 | D45: Amist. | E45: 9 | F45: =Jugadores!$B$17 -> Jugador 13 | J45: =IF(COUNT(G45:I45)=0,"",G45*55+H45*50+I45*50) | N45: =IF(COUNT(K45:M45)=0,"",MAX(K45:M45)) | O45: =IF(N45="","",IF(N45>=7,"Sin pliometría ni velocidad. Solo isométricos, movilidad y tren superior. Valoración médica",IF(N45>=4,"Sin pliometría el lunes. Sentadilla española 5x45 s","Sesión normal")))
A46: 3 | B46: 46286 | C46: M0 | D46: Amist. | E46: 9 | F46: =Jugadores!$B$18 -> Jugador 14 | J46: =IF(COUNT(G46:I46)=0,"",G46*55+H46*50+I46*50) | N46: =IF(COUNT(K46:M46)=0,"",MAX(K46:M46)) | O46: =IF(N46="","",IF(N46>=7,"Sin pliometría ni velocidad. Solo isométricos, movilidad y tren superior. Valoración médica",IF(N46>=4,"Sin pliometría el lunes. Sentadilla española 5x45 s","Sesión normal")))
A47: 4 | B47: 46293 | C47: M0 | D47: J1 | E47: 6 | F47: =Jugadores!$B$5 -> Jugador 1 | J47: =IF(COUNT(G47:I47)=0,"",G47*55+H47*50+I47*50) | N47: =IF(COUNT(K47:M47)=0,"",MAX(K47:M47)) | O47: =IF(N47="","",IF(N47>=7,"Sin pliometría ni velocidad. Solo isométricos, movilidad y tren superior. Valoración médica",IF(N47>=4,"Sin pliometría el lunes. Sentadilla española 5x45 s","Sesión normal")))
A48: 4 | B48: 46293 | C48: M0 | D48: J1 | E48: 6 | F48: =Jugadores!$B$6 -> Jugador 2 | J48: =IF(COUNT(G48:I48)=0,"",G48*55+H48*50+I48*50) | N48: =IF(COUNT(K48:M48)=0,"",MAX(K48:M48)) | O48: =IF(N48="","",IF(N48>=7,"Sin pliometría ni velocidad. Solo isométricos, movilidad y tren superior. Valoración médica",IF(N48>=4,"Sin pliometría el lunes. Sentadilla española 5x45 s","Sesión normal")))
A49: 4 | B49: 46293 | C49: M0 | D49: J1 | E49: 6 | F49: =Jugadores!$B$7 -> Jugador 3 | J49: =IF(COUNT(G49:I49)=0,"",G49*55+H49*50+I49*50) | N49: =IF(COUNT(K49:M49)=0,"",MAX(K49:M49)) | O49: =IF(N49="","",IF(N49>=7,"Sin pliometría ni velocidad. Solo isométricos, movilidad y tren superior. Valoración médica",IF(N49>=4,"Sin pliometría el lunes. Sentadilla española 5x45 s","Sesión normal")))
A50: 4 | B50: 46293 | C50: M0 | D50: J1 | E50: 6 | F50: =Jugadores!$B$8 -> Jugador 4 | J50: =IF(COUNT(G50:I50)=0,"",G50*55+H50*50+I50*50) | N50: =IF(COUNT(K50:M50)=0,"",MAX(K50:M50)) | O50: =IF(N50="","",IF(N50>=7,"Sin pliometría ni velocidad. Solo isométricos, movilidad y tren superior. Valoración médica",IF(N50>=4,"Sin pliometría el lunes. Sentadilla española 5x45 s","Sesión normal")))
A51: 4 | B51: 46293 | C51: M0 | D51: J1 | E51: 6 | F51: =Jugadores!$B$9 -> Jugador 5 | J51: =IF(COUNT(G51:I51)=0,"",G51*55+H51*50+I51*50) | N51: =IF(COUNT(K51:M51)=0,"",MAX(K51:M51)) | O51: =IF(N51="","",IF(N51>=7,"Sin pliometría ni velocidad. Solo isométricos, movilidad y tren superior. Valoración médica",IF(N51>=4,"Sin pliometría el lunes. Sentadilla española 5x45 s","Sesión normal")))
A52: 4 | B52: 46293 | C52: M0 | D52: J1 | E52: 6 | F52: =Jugadores!$B$10 -> Jugador 6 | J52: =IF(COUNT(G52:I52)=0,"",G52*55+H52*50+I52*50) | N52: =IF(COUNT(K52:M52)=0,"",MAX(K52:M52)) | O52: =IF(N52="","",IF(N52>=7,"Sin pliometría ni velocidad. Solo isométricos, movilidad y tren superior. Valoración médica",IF(N52>=4,"Sin pliometría el lunes. Sentadilla española 5x45 s","Sesión normal")))
A53: 4 | B53: 46293 | C53: M0 | D53: J1 | E53: 6 | F53: =Jugadores!$B$11 -> Jugador 7 | J53: =IF(COUNT(G53:I53)=0,"",G53*55+H53*50+I53*50) | N53: =IF(COUNT(K53:M53)=0,"",MAX(K53:M53)) | O53: =IF(N53="","",IF(N53>=7,"Sin pliometría ni velocidad. Solo isométricos, movilidad y tren superior. Valoración médica",IF(N53>=4,"Sin pliometría el lunes. Sentadilla española 5x45 s","Sesión normal")))
A54: 4 | B54: 46293 | C54: M0 | D54: J1 | E54: 6 | F54: =Jugadores!$B$12 -> Jugador 8 | J54: =IF(COUNT(G54:I54)=0,"",G54*55+H54*50+I54*50) | N54: =IF(COUNT(K54:M54)=0,"",MAX(K54:M54)) | O54: =IF(N54="","",IF(N54>=7,"Sin pliometría ni velocidad. Solo isométricos, movilidad y tren superior. Valoración médica",IF(N54>=4,"Sin pliometría el lunes. Sentadilla española 5x45 s","Sesión normal")))
A55: 4 | B55: 46293 | C55: M0 | D55: J1 | E55: 6 | F55: =Jugadores!$B$13 -> Jugador 9 | J55: =IF(COUNT(G55:I55)=0,"",G55*55+H55*50+I55*50) | N55: =IF(COUNT(K55:M55)=0,"",MAX(K55:M55)) | O55: =IF(N55="","",IF(N55>=7,"Sin pliometría ni velocidad. Solo isométricos, movilidad y tren superior. Valoración médica",IF(N55>=4,"Sin pliometría el lunes. Sentadilla española 5x45 s","Sesión normal")))
A56: 4 | B56: 46293 | C56: M0 | D56: J1 | E56: 6 | F56: =Jugadores!$B$14 -> Jugador 10 | J56: =IF(COUNT(G56:I56)=0,"",G56*55+H56*50+I56*50) | N56: =IF(COUNT(K56:M56)=0,"",MAX(K56:M56)) | O56: =IF(N56="","",IF(N56>=7,"Sin pliometría ni velocidad. Solo isométricos, movilidad y tren superior. Valoración médica",IF(N56>=4,"Sin pliometría el lunes. Sentadilla española 5x45 s","Sesión normal")))
A57: 4 | B57: 46293 | C57: M0 | D57: J1 | E57: 6 | F57: =Jugadores!$B$15 -> Jugador 11 | J57: =IF(COUNT(G57:I57)=0,"",G57*55+H57*50+I57*50) | N57: =IF(COUNT(K57:M57)=0,"",MAX(K57:M57)) | O57: =IF(N57="","",IF(N57>=7,"Sin pliometría ni velocidad. Solo isométricos, movilidad y tren superior. Valoración médica",IF(N57>=4,"Sin pliometría el lunes. Sentadilla española 5x45 s","Sesión normal")))
A58: 4 | B58: 46293 | C58: M0 | D58: J1 | E58: 6 | F58: =Jugadores!$B$16 -> Jugador 12 | J58: =IF(COUNT(G58:I58)=0,"",G58*55+H58*50+I58*50) | N58: =IF(COUNT(K58:M58)=0,"",MAX(K58:M58)) | O58: =IF(N58="","",IF(N58>=7,"Sin pliometría ni velocidad. Solo isométricos, movilidad y tren superior. Valoración médica",IF(N58>=4,"Sin pliometría el lunes. Sentadilla española 5x45 s","Sesión normal")))
A59: 4 | B59: 46293 | C59: M0 | D59: J1 | E59: 6 | F59: =Jugadores!$B$17 -> Jugador 13 | J59: =IF(COUNT(G59:I59)=0,"",G59*55+H59*50+I59*50) | N59: =IF(COUNT(K59:M59)=0,"",MAX(K59:M59)) | O59: =IF(N59="","",IF(N59>=7,"Sin pliometría ni velocidad. Solo isométricos, movilidad y tren superior. Valoración médica",IF(N59>=4,"Sin pliometría el lunes. Sentadilla española 5x45 s","Sesión normal")))
A60: 4 | B60: 46293 | C60: M0 | D60: J1 | E60: 6 | F60: =Jugadores!$B$18 -> Jugador 14 | J60: =IF(COUNT(G60:I60)=0,"",G60*55+H60*50+I60*50) | N60: =IF(COUNT(K60:M60)=0,"",MAX(K60:M60)) | O60: =IF(N60="","",IF(N60>=7,"Sin pliometría ni velocidad. Solo isométricos, movilidad y tren superior. Valoración médica",IF(N60>=4,"Sin pliometría el lunes. Sentadilla española 5x45 s","Sesión normal")))
A61: 5 | B61: 46300 | C61: M1 | D61: LIBRE | E61: 10 | F61: =Jugadores!$B$5 -> Jugador 1 | J61: =IF(COUNT(G61:I61)=0,"",G61*55+H61*50+I61*50) | N61: =IF(COUNT(K61:M61)=0,"",MAX(K61:M61)) | O61: =IF(N61="","",IF(N61>=7,"Sin pliometría ni velocidad. Solo isométricos, movilidad y tren superior. Valoración médica",IF(N61>=4,"Sin pliometría el lunes. Sentadilla española 5x45 s","Sesión normal")))
A62: 5 | B62: 46300 | C62: M1 | D62: LIBRE | E62: 10 | F62: =Jugadores!$B$6 -> Jugador 2 | J62: =IF(COUNT(G62:I62)=0,"",G62*55+H62*50+I62*50) | N62: =IF(COUNT(K62:M62)=0,"",MAX(K62:M62)) | O62: =IF(N62="","",IF(N62>=7,"Sin pliometría ni velocidad. Solo isométricos, movilidad y tren superior. Valoración médica",IF(N62>=4,"Sin pliometría el lunes. Sentadilla española 5x45 s","Sesión normal")))
A63: 5 | B63: 46300 | C63: M1 | D63: LIBRE | E63: 10 | F63: =Jugadores!$B$7 -> Jugador 3 | J63: =IF(COUNT(G63:I63)=0,"",G63*55+H63*50+I63*50) | N63: =IF(COUNT(K63:M63)=0,"",MAX(K63:M63)) | O63: =IF(N63="","",IF(N63>=7,"Sin pliometría ni velocidad. Solo isométricos, movilidad y tren superior. Valoración médica",IF(N63>=4,"Sin pliometría el lunes. Sentadilla española 5x45 s","Sesión normal")))
A64: 5 | B64: 46300 | C64: M1 | D64: LIBRE | E64: 10 | F64: =Jugadores!$B$8 -> Jugador 4 | J64: =IF(COUNT(G64:I64)=0,"",G64*55+H64*50+I64*50) | N64: =IF(COUNT(K64:M64)=0,"",MAX(K64:M64)) | O64: =IF(N64="","",IF(N64>=7,"Sin pliometría ni velocidad. Solo isométricos, movilidad y tren superior. Valoración médica",IF(N64>=4,"Sin pliometría el lunes. Sentadilla española 5x45 s","Sesión normal")))
A65: 5 | B65: 46300 | C65: M1 | D65: LIBRE | E65: 10 | F65: =Jugadores!$B$9 -> Jugador 5 | J65: =IF(COUNT(G65:I65)=0,"",G65*55+H65*50+I65*50) | N65: =IF(COUNT(K65:M65)=0,"",MAX(K65:M65)) | O65: =IF(N65="","",IF(N65>=7,"Sin pliometría ni velocidad. Solo isométricos, movilidad y tren superior. Valoración médica",IF(N65>=4,"Sin pliometría el lunes. Sentadilla española 5x45 s","Sesión normal")))
A66: 5 | B66: 46300 | C66: M1 | D66: LIBRE | E66: 10 | F66: =Jugadores!$B$10 -> Jugador 6 | J66: =IF(COUNT(G66:I66)=0,"",G66*55+H66*50+I66*50) | N66: =IF(COUNT(K66:M66)=0,"",MAX(K66:M66)) | O66: =IF(N66="","",IF(N66>=7,"Sin pliometría ni velocidad. Solo isométricos, movilidad y tren superior. Valoración médica",IF(N66>=4,"Sin pliometría el lunes. Sentadilla española 5x45 s","Sesión normal")))
A67: 5 | B67: 46300 | C67: M1 | D67: LIBRE | E67: 10 | F67: =Jugadores!$B$11 -> Jugador 7 | J67: =IF(COUNT(G67:I67)=0,"",G67*55+H67*50+I67*50) | N67: =IF(COUNT(K67:M67)=0,"",MAX(K67:M67)) | O67: =IF(N67="","",IF(N67>=7,"Sin pliometría ni velocidad. Solo isométricos, movilidad y tren superior. Valoración médica",IF(N67>=4,"Sin pliometría el lunes. Sentadilla española 5x45 s","Sesión normal")))
A68: 5 | B68: 46300 | C68: M1 | D68: LIBRE | E68: 10 | F68: =Jugadores!$B$12 -> Jugador 8 | J68: =IF(COUNT(G68:I68)=0,"",G68*55+H68*50+I68*50) | N68: =IF(COUNT(K68:M68)=0,"",MAX(K68:M68)) | O68: =IF(N68="","",IF(N68>=7,"Sin pliometría ni velocidad. Solo isométricos, movilidad y tren superior. Valoración médica",IF(N68>=4,"Sin pliometría el lunes. Sentadilla española 5x45 s","Sesión normal")))
A69: 5 | B69: 46300 | C69: M1 | D69: LIBRE | E69: 10 | F69: =Jugadores!$B$13 -> Jugador 9 | J69: =IF(COUNT(G69:I69)=0,"",G69*55+H69*50+I69*50) | N69: =IF(COUNT(K69:M69)=0,"",MAX(K69:M69)) | O69: =IF(N69="","",IF(N69>=7,"Sin pliometría ni velocidad. Solo isométricos, movilidad y tren superior. Valoración médica",IF(N69>=4,"Sin pliometría el lunes. Sentadilla española 5x45 s","Sesión normal")))
A70: 5 | B70: 46300 | C70: M1 | D70: LIBRE | E70: 10 | F70: =Jugadores!$B$14 -> Jugador 10 | J70: =IF(COUNT(G70:I70)=0,"",G70*55+H70*50+I70*50) | N70: =IF(COUNT(K70:M70)=0,"",MAX(K70:M70)) | O70: =IF(N70="","",IF(N70>=7,"Sin pliometría ni velocidad. Solo isométricos, movilidad y tren superior. Valoración médica",IF(N70>=4,"Sin pliometría el lunes. Sentadilla española 5x45 s","Sesión normal")))
A71: 5 | B71: 46300 | C71: M1 | D71: LIBRE | E71: 10 | F71: =Jugadores!$B$15 -> Jugador 11 | J71: =IF(COUNT(G71:I71)=0,"",G71*55+H71*50+I71*50) | N71: =IF(COUNT(K71:M71)=0,"",MAX(K71:M71)) | O71: =IF(N71="","",IF(N71>=7,"Sin pliometría ni velocidad. Solo isométricos, movilidad y tren superior. Valoración médica",IF(N71>=4,"Sin pliometría el lunes. Sentadilla española 5x45 s","Sesión normal")))
A72: 5 | B72: 46300 | C72: M1 | D72: LIBRE | E72: 10 | F72: =Jugadores!$B$16 -> Jugador 12 | J72: =IF(COUNT(G72:I72)=0,"",G72*55+H72*50+I72*50) | N72: =IF(COUNT(K72:M72)=0,"",MAX(K72:M72)) | O72: =IF(N72="","",IF(N72>=7,"Sin pliometría ni velocidad. Solo isométricos, movilidad y tren superior. Valoración médica",IF(N72>=4,"Sin pliometría el lunes. Sentadilla española 5x45 s","Sesión normal")))
A73: 5 | B73: 46300 | C73: M1 | D73: LIBRE | E73: 10 | F73: =Jugadores!$B$17 -> Jugador 13 | J73: =IF(COUNT(G73:I73)=0,"",G73*55+H73*50+I73*50) | N73: =IF(COUNT(K73:M73)=0,"",MAX(K73:M73)) | O73: =IF(N73="","",IF(N73>=7,"Sin pliometría ni velocidad. Solo isométricos, movilidad y tren superior. Valoración médica",IF(N73>=4,"Sin pliometría el lunes. Sentadilla española 5x45 s","Sesión normal")))
A74: 5 | B74: 46300 | C74: M1 | D74: LIBRE | E74: 10 | F74: =Jugadores!$B$18 -> Jugador 14 | J74: =IF(COUNT(G74:I74)=0,"",G74*55+H74*50+I74*50) | N74: =IF(COUNT(K74:M74)=0,"",MAX(K74:M74)) | O74: =IF(N74="","",IF(N74>=7,"Sin pliometría ni velocidad. Solo isométricos, movilidad y tren superior. Valoración médica",IF(N74>=4,"Sin pliometría el lunes. Sentadilla española 5x45 s","Sesión normal")))
A75: 6 | B75: 46307 | C75: M1 | D75: J2 | E75: 8 | F75: =Jugadores!$B$5 -> Jugador 1 | J75: =IF(COUNT(G75:I75)=0,"",G75*55+H75*50+I75*50) | N75: =IF(COUNT(K75:M75)=0,"",MAX(K75:M75)) | O75: =IF(N75="","",IF(N75>=7,"Sin pliometría ni velocidad. Solo isométricos, movilidad y tren superior. Valoración médica",IF(N75>=4,"Sin pliometría el lunes. Sentadilla española 5x45 s","Sesión normal")))
A76: 6 | B76: 46307 | C76: M1 | D76: J2 | E76: 8 | F76: =Jugadores!$B$6 -> Jugador 2 | J76: =IF(COUNT(G76:I76)=0,"",G76*55+H76*50+I76*50) | N76: =IF(COUNT(K76:M76)=0,"",MAX(K76:M76)) | O76: =IF(N76="","",IF(N76>=7,"Sin pliometría ni velocidad. Solo isométricos, movilidad y tren superior. Valoración médica",IF(N76>=4,"Sin pliometría el lunes. Sentadilla española 5x45 s","Sesión normal")))
A77: 6 | B77: 46307 | C77: M1 | D77: J2 | E77: 8 | F77: =Jugadores!$B$7 -> Jugador 3 | J77: =IF(COUNT(G77:I77)=0,"",G77*55+H77*50+I77*50) | N77: =IF(COUNT(K77:M77)=0,"",MAX(K77:M77)) | O77: =IF(N77="","",IF(N77>=7,"Sin pliometría ni velocidad. Solo isométricos, movilidad y tren superior. Valoración médica",IF(N77>=4,"Sin pliometría el lunes. Sentadilla española 5x45 s","Sesión normal")))
A78: 6 | B78: 46307 | C78: M1 | D78: J2 | E78: 8 | F78: =Jugadores!$B$8 -> Jugador 4 | J78: =IF(COUNT(G78:I78)=0,"",G78*55+H78*50+I78*50) | N78: =IF(COUNT(K78:M78)=0,"",MAX(K78:M78)) | O78: =IF(N78="","",IF(N78>=7,"Sin pliometría ni velocidad. Solo isométricos, movilidad y tren superior. Valoración médica",IF(N78>=4,"Sin pliometría el lunes. Sentadilla española 5x45 s","Sesión normal")))
A79: 6 | B79: 46307 | C79: M1 | D79: J2 | E79: 8 | F79: =Jugadores!$B$9 -> Jugador 5 | J79: =IF(COUNT(G79:I79)=0,"",G79*55+H79*50+I79*50) | N79: =IF(COUNT(K79:M79)=0,"",MAX(K79:M79)) | O79: =IF(N79="","",IF(N79>=7,"Sin pliometría ni velocidad. Solo isométricos, movilidad y tren superior. Valoración médica",IF(N79>=4,"Sin pliometría el lunes. Sentadilla española 5x45 s","Sesión normal")))
A80: 6 | B80: 46307 | C80: M1 | D80: J2 | E80: 8 | F80: =Jugadores!$B$10 -> Jugador 6 | J80: =IF(COUNT(G80:I80)=0,"",G80*55+H80*50+I80*50) | N80: =IF(COUNT(K80:M80)=0,"",MAX(K80:M80)) | O80: =IF(N80="","",IF(N80>=7,"Sin pliometría ni velocidad. Solo isométricos, movilidad y tren superior. Valoración médica",IF(N80>=4,"Sin pliometría el lunes. Sentadilla española 5x45 s","Sesión normal")))
A81: 6 | B81: 46307 | C81: M1 | D81: J2 | E81: 8 | F81: =Jugadores!$B$11 -> Jugador 7 | J81: =IF(COUNT(G81:I81)=0,"",G81*55+H81*50+I81*50) | N81: =IF(COUNT(K81:M81)=0,"",MAX(K81:M81)) | O81: =IF(N81="","",IF(N81>=7,"Sin pliometría ni velocidad. Solo isométricos, movilidad y tren superior. Valoración médica",IF(N81>=4,"Sin pliometría el lunes. Sentadilla española 5x45 s","Sesión normal")))
A82: 6 | B82: 46307 | C82: M1 | D82: J2 | E82: 8 | F82: =Jugadores!$B$12 -> Jugador 8 | J82: =IF(COUNT(G82:I82)=0,"",G82*55+H82*50+I82*50) | N82: =IF(COUNT(K82:M82)=0,"",MAX(K82:M82)) | O82: =IF(N82="","",IF(N82>=7,"Sin pliometría ni velocidad. Solo isométricos, movilidad y tren superior. Valoración médica",IF(N82>=4,"Sin pliometría el lunes. Sentadilla española 5x45 s","Sesión normal")))
A83: 6 | B83: 46307 | C83: M1 | D83: J2 | E83: 8 | F83: =Jugadores!$B$13 -> Jugador 9 | J83: =IF(COUNT(G83:I83)=0,"",G83*55+H83*50+I83*50) | N83: =IF(COUNT(K83:M83)=0,"",MAX(K83:M83)) | O83: =IF(N83="","",IF(N83>=7,"Sin pliometría ni velocidad. Solo isométricos, movilidad y tren superior. Valoración médica",IF(N83>=4,"Sin pliometría el lunes. Sentadilla española 5x45 s","Sesión normal")))
A84: 6 | B84: 46307 | C84: M1 | D84: J2 | E84: 8 | F84: =Jugadores!$B$14 -> Jugador 10 | J84: =IF(COUNT(G84:I84)=0,"",G84*55+H84*50+I84*50) | N84: =IF(COUNT(K84:M84)=0,"",MAX(K84:M84)) | O84: =IF(N84="","",IF(N84>=7,"Sin pliometría ni velocidad. Solo isométricos, movilidad y tren superior. Valoración médica",IF(N84>=4,"Sin pliometría el lunes. Sentadilla española 5x45 s","Sesión normal")))
A85: 6 | B85: 46307 | C85: M1 | D85: J2 | E85: 8 | F85: =Jugadores!$B$15 -> Jugador 11 | J85: =IF(COUNT(G85:I85)=0,"",G85*55+H85*50+I85*50) | N85: =IF(COUNT(K85:M85)=0,"",MAX(K85:M85)) | O85: =IF(N85="","",IF(N85>=7,"Sin pliometría ni velocidad. Solo isométricos, movilidad y tren superior. Valoración médica",IF(N85>=4,"Sin pliometría el lunes. Sentadilla española 5x45 s","Sesión normal")))
A86: 6 | B86: 46307 | C86: M1 | D86: J2 | E86: 8 | F86: =Jugadores!$B$16 -> Jugador 12 | J86: =IF(COUNT(G86:I86)=0,"",G86*55+H86*50+I86*50) | N86: =IF(COUNT(K86:M86)=0,"",MAX(K86:M86)) | O86: =IF(N86="","",IF(N86>=7,"Sin pliometría ni velocidad. Solo isométricos, movilidad y tren superior. Valoración médica",IF(N86>=4,"Sin pliometría el lunes. Sentadilla española 5x45 s","Sesión normal")))
A87: 6 | B87: 46307 | C87: M1 | D87: J2 | E87: 8 | F87: =Jugadores!$B$17 -> Jugador 13 | J87: =IF(COUNT(G87:I87)=0,"",G87*55+H87*50+I87*50) | N87: =IF(COUNT(K87:M87)=0,"",MAX(K87:M87)) | O87: =IF(N87="","",IF(N87>=7,"Sin pliometría ni velocidad. Solo isométricos, movilidad y tren superior. Valoración médica",IF(N87>=4,"Sin pliometría el lunes. Sentadilla española 5x45 s","Sesión normal")))
A88: 6 | B88: 46307 | C88: M1 | D88: J2 | E88: 8 | F88: =Jugadores!$B$18 -> Jugador 14 | J88: =IF(COUNT(G88:I88)=0,"",G88*55+H88*50+I88*50) | N88: =IF(COUNT(K88:M88)=0,"",MAX(K88:M88)) | O88: =IF(N88="","",IF(N88>=7,"Sin pliometría ni velocidad. Solo isométricos, movilidad y tren superior. Valoración médica",IF(N88>=4,"Sin pliometría el lunes. Sentadilla española 5x45 s","Sesión normal")))
A89: 7 | B89: 46314 | C89: M1 | D89: J3 | E89: 9 | F89: =Jugadores!$B$5 -> Jugador 1 | J89: =IF(COUNT(G89:I89)=0,"",G89*55+H89*50+I89*50) | N89: =IF(COUNT(K89:M89)=0,"",MAX(K89:M89)) | O89: =IF(N89="","",IF(N89>=7,"Sin pliometría ni velocidad. Solo isométricos, movilidad y tren superior. Valoración médica",IF(N89>=4,"Sin pliometría el lunes. Sentadilla española 5x45 s","Sesión normal")))
A90: 7 | B90: 46314 | C90: M1 | D90: J3 | E90: 9 | F90: =Jugadores!$B$6 -> Jugador 2 | J90: =IF(COUNT(G90:I90)=0,"",G90*55+H90*50+I90*50) | N90: =IF(COUNT(K90:M90)=0,"",MAX(K90:M90)) | O90: =IF(N90="","",IF(N90>=7,"Sin pliometría ni velocidad. Solo isométricos, movilidad y tren superior. Valoración médica",IF(N90>=4,"Sin pliometría el lunes. Sentadilla española 5x45 s","Sesión normal")))
A91: 7 | B91: 46314 | C91: M1 | D91: J3 | E91: 9 | F91: =Jugadores!$B$7 -> Jugador 3 | J91: =IF(COUNT(G91:I91)=0,"",G91*55+H91*50+I91*50) | N91: =IF(COUNT(K91:M91)=0,"",MAX(K91:M91)) | O91: =IF(N91="","",IF(N91>=7,"Sin pliometría ni velocidad. Solo isométricos, movilidad y tren superior. Valoración médica",IF(N91>=4,"Sin pliometría el lunes. Sentadilla española 5x45 s","Sesión normal")))
A92: 7 | B92: 46314 | C92: M1 | D92: J3 | E92: 9 | F92: =Jugadores!$B$8 -> Jugador 4 | J92: =IF(COUNT(G92:I92)=0,"",G92*55+H92*50+I92*50) | N92: =IF(COUNT(K92:M92)=0,"",MAX(K92:M92)) | O92: =IF(N92="","",IF(N92>=7,"Sin pliometría ni velocidad. Solo isométricos, movilidad y tren superior. Valoración médica",IF(N92>=4,"Sin pliometría el lunes. Sentadilla española 5x45 s","Sesión normal")))
A93: 7 | B93: 46314 | C93: M1 | D93: J3 | E93: 9 | F93: =Jugadores!$B$9 -> Jugador 5 | J93: =IF(COUNT(G93:I93)=0,"",G93*55+H93*50+I93*50) | N93: =IF(COUNT(K93:M93)=0,"",MAX(K93:M93)) | O93: =IF(N93="","",IF(N93>=7,"Sin pliometría ni velocidad. Solo isométricos, movilidad y tren superior. Valoración médica",IF(N93>=4,"Sin pliometría el lunes. Sentadilla española 5x45 s","Sesión normal")))
A94: 7 | B94: 46314 | C94: M1 | D94: J3 | E94: 9 | F94: =Jugadores!$B$10 -> Jugador 6 | J94: =IF(COUNT(G94:I94)=0,"",G94*55+H94*50+I94*50) | N94: =IF(COUNT(K94:M94)=0,"",MAX(K94:M94)) | O94: =IF(N94="","",IF(N94>=7,"Sin pliometría ni velocidad. Solo isométricos, movilidad y tren superior. Valoración médica",IF(N94>=4,"Sin pliometría el lunes. Sentadilla española 5x45 s","Sesión normal")))
A95: 7 | B95: 46314 | C95: M1 | D95: J3 | E95: 9 | F95: =Jugadores!$B$11 -> Jugador 7 | J95: =IF(COUNT(G95:I95)=0,"",G95*55+H95*50+I95*50) | N95: =IF(COUNT(K95:M95)=0,"",MAX(K95:M95)) | O95: =IF(N95="","",IF(N95>=7,"Sin pliometría ni velocidad. Solo isométricos, movilidad y tren superior. Valoración médica",IF(N95>=4,"Sin pliometría el lunes. Sentadilla española 5x45 s","Sesión normal")))
A96: 7 | B96: 46314 | C96: M1 | D96: J3 | E96: 9 | F96: =Jugadores!$B$12 -> Jugador 8 | J96: =IF(COUNT(G96:I96)=0,"",G96*55+H96*50+I96*50) | N96: =IF(COUNT(K96:M96)=0,"",MAX(K96:M96)) | O96: =IF(N96="","",IF(N96>=7,"Sin pliometría ni velocidad. Solo isométricos, movilidad y tren superior. Valoración médica",IF(N96>=4,"Sin pliometría el lunes. Sentadilla española 5x45 s","Sesión normal")))
A97: 7 | B97: 46314 | C97: M1 | D97: J3 | E97: 9 | F97: =Jugadores!$B$13 -> Jugador 9 | J97: =IF(COUNT(G97:I97)=0,"",G97*55+H97*50+I97*50) | N97: =IF(COUNT(K97:M97)=0,"",MAX(K97:M97)) | O97: =IF(N97="","",IF(N97>=7,"Sin pliometría ni velocidad. Solo isométricos, movilidad y tren superior. Valoración médica",IF(N97>=4,"Sin pliometría el lunes. Sentadilla española 5x45 s","Sesión normal")))
A98: 7 | B98: 46314 | C98: M1 | D98: J3 | E98: 9 | F98: =Jugadores!$B$14 -> Jugador 10 | J98: =IF(COUNT(G98:I98)=0,"",G98*55+H98*50+I98*50) | N98: =IF(COUNT(K98:M98)=0,"",MAX(K98:M98)) | O98: =IF(N98="","",IF(N98>=7,"Sin pliometría ni velocidad. Solo isométricos, movilidad y tren superior. Valoración médica",IF(N98>=4,"Sin pliometría el lunes. Sentadilla española 5x45 s","Sesión normal")))
A99: 7 | B99: 46314 | C99: M1 | D99: J3 | E99: 9 | F99: =Jugadores!$B$15 -> Jugador 11 | J99: =IF(COUNT(G99:I99)=0,"",G99*55+H99*50+I99*50) | N99: =IF(COUNT(K99:M99)=0,"",MAX(K99:M99)) | O99: =IF(N99="","",IF(N99>=7,"Sin pliometría ni velocidad. Solo isométricos, movilidad y tren superior. Valoración médica",IF(N99>=4,"Sin pliometría el lunes. Sentadilla española 5x45 s","Sesión normal")))
A100: 7 | B100: 46314 | C100: M1 | D100: J3 | E100: 9 | F100: =Jugadores!$B$16 -> Jugador 12 | J100: =IF(COUNT(G100:I100)=0,"",G100*55+H100*50+I100*50) | N100: =IF(COUNT(K100:M100)=0,"",MAX(K100:M100)) | O100: =IF(N100="","",IF(N100>=7,"Sin pliometría ni velocidad. Solo isométricos, movilidad y tren superior. Valoración médica",IF(N100>=4,"Sin pliometría el lunes. Sentadilla española 5x45 s","Sesión normal")))
A101: 7 | B101: 46314 | C101: M1 | D101: J3 | E101: 9 | F101: =Jugadores!$B$17 -> Jugador 13 | J101: =IF(COUNT(G101:I101)=0,"",G101*55+H101*50+I101*50) | N101: =IF(COUNT(K101:M101)=0,"",MAX(K101:M101)) | O101: =IF(N101="","",IF(N101>=7,"Sin pliometría ni velocidad. Solo isométricos, movilidad y tren superior. Valoración médica",IF(N101>=4,"Sin pliometría el lunes. Sentadilla española 5x45 s","Sesión normal")))
...

Sheet Panel dolor
A1: MAPA DE DOLOR · Valor máximo semanal de rodilla, talón y espalda
A2: Se rellena solo a partir de la hoja Registro.
A3: Semana | B3: 1 | C3: 2 | D3: 3 | E3: 4 | F3: 5 | G3: 6 | H3: 7 | I3: 8 | J3: 9 | K3: 10 | L3: 11 | M3: 12 | N3: 13 | O3: 14 | P3: 15 | Q3: 16 | R3: 17 | S3: 18 | T3: 19 | U3: 20 | V3: 21 | W3: 22 | X3: 23 | Y3: 24 | Z3: 25 | AA3: 26 | AB3: 27 | AC3: 28 | AD3: 29 | AE3: 30 | AF3: 31 | AG3: 32 | AH3: 33 | AI3: 34 | AJ3: 35 | AK3: 36 | AL3: 37 | AM3: 38 | AN3: 39
A4: Jugador | B4: M0 | C4: M0 | D4: M0 | E4: M0 | F4: M1 | G4: M1 | H4: M1 | I4: M1 | J4: M1 | K4: M1 | L4: M1 | M4: M1 | N4: M2 | O4: M2 | P4: M2 | Q4: M3 | R4: M3 | S4: M3 | T4: M3 | U4: M4 | V4: M4 | W4: M4 | X4: M4 | Y4: M4 | Z4: M4 | AA4: M5 | AB4: M5 | AC4: M6 | AD4: M6 | AE4: M6 | AF4: M7 | AG4: M7 | AH4: M7 | AI4: M8 | AJ4: M8 | AK4: M9 | AL4: M9 | AM4: M9 | AN4: M9
A5: =Jugadores!$B$5 -> Jugador 1 | B5: =IF(SUMIFS(Registro!$N:$N,Registro!$A:$A,B$3,Registro!$F:$F,$A5)=0,"",SUMIFS(Registro!$N:$N,Registro!$A:$A,B$3,Registro!$F:$F,$A5)) | C5: =IF(SUMIFS(Registro!$N:$N,Registro!$A:$A,C$3,Registro!$F:$F,$A5)=0,"",SUMIFS(Registro!$N:$N,Registro!$A:$A,C$3,Registro!$F:$F,$A5)) | D5: =IF(SUMIFS(Registro!$N:$N,Registro!$A:$A,D$3,Registro!$F:$F,$A5)=0,"",SUMIFS(Registro!$N:$N,Registro!$A:$A,D$3,Registro!$F:$F,$A5)) | E5: =IF(SUMIFS(Registro!$N:$N,Registro!$A:$A,E$3,Registro!$F:$F,$A5)=0,"",SUMIFS(Registro!$N:$N,Registro!$A:$A,E$3,Registro!$F:$F,$A5)) | F5: =IF(SUMIFS(Registro!$N:$N,Registro!$A:$A,F$3,Registro!$F:$F,$A5)=0,"",SUMIFS(Registro!$N:$N,Registro!$A:$A,F$3,Registro!$F:$F,$A5)) | G5: =IF(SUMIFS(Registro!$N:$N,Registro!$A:$A,G$3,Registro!$F:$F,$A5)=0,"",SUMIFS(Registro!$N:$N,Registro!$A:$A,G$3,Registro!$F:$F,$A5)) | H5: =IF(SUMIFS(Registro!$N:$N,Registro!$A:$A,H$3,Registro!$F:$F,$A5)=0,"",SUMIFS(Registro!$N:$N,Registro!$A:$A,H$3,Registro!$F:$F,$A5)) | I5: =IF(SUMIFS(Registro!$N:$N,Registro!$A:$A,I$3,Registro!$F:$F,$A5)=0,"",SUMIFS(Registro!$N:$N,Registro!$A:$A,I$3,Registro!$F:$F,$A5)) | ... AN5: =IF(SUMIFS(Registro!$N:$N,Registro!$A:$A,AN$3,Registro!$F:$F,$A5)=0,"",SUMIFS(Registro!$N:$N,Registro!$A:$A,AN$3,Registro!$F:$F,$A5))
A6: =Jugadores!$B$6 -> Jugador 2 | B6: =IF(SUMIFS(Registro!$N:$N,Registro!$A:$A,B$3,Registro!$F:$F,$A6)=0,"",SUMIFS(Registro!$N:$N,Registro!$A:$A,B$3,Registro!$F:$F,$A6)) | C6: =IF(SUMIFS(Registro!$N:$N,Registro!$A:$A,C$3,Registro!$F:$F,$A6)=0,"",SUMIFS(Registro!$N:$N,Registro!$A:$A,C$3,Registro!$F:$F,$A6)) | D6: =IF(SUMIFS(Registro!$N:$N,Registro!$A:$A,D$3,Registro!$F:$F,$A6)=0,"",SUMIFS(Registro!$N:$N,Registro!$A:$A,D$3,Registro!$F:$F,$A6)) | E6: =IF(SUMIFS(Registro!$N:$N,Registro!$A:$A,E$3,Registro!$F:$F,$A6)=0,"",SUMIFS(Registro!$N:$N,Registro!$A:$A,E$3,Registro!$F:$F,$A6)) | F6: =IF(SUMIFS(Registro!$N:$N,Registro!$A:$A,F$3,Registro!$F:$F,$A6)=0,"",SUMIFS(Registro!$N:$N,Registro!$A:$A,F$3,Registro!$F:$F,$A6)) | G6: =IF(SUMIFS(Registro!$N:$N,Registro!$A:$A,G$3,Registro!$F:$F,$A6)=0,"",SUMIFS(Registro!$N:$N,Registro!$A:$A,G$3,Registro!$F:$F,$A6)) | H6: =IF(SUMIFS(Registro!$N:$N,Registro!$A:$A,H$3,Registro!$F:$F,$A6)=0,"",SUMIFS(Registro!$N:$N,Registro!$A:$A,H$3,Registro!$F:$F,$A6)) | I6: =IF(SUMIFS(Registro!$N:$N,Registro!$A:$A,I$3,Registro!$F:$F,$A6)=0,"",SUMIFS(Registro!$N:$N,Registro!$A:$A,I$3,Registro!$F:$F,$A6)) | ... AN6: =IF(SUMIFS(Registro!$N:$N,Registro!$A:$A,AN$3,Registro!$F:$F,$A6)=0,"",SUMIFS(Registro!$N:$N,Registro!$A:$A,AN$3,Registro!$F:$F,$A6))
A7: =Jugadores!$B$7 -> Jugador 3 | B7: =IF(SUMIFS(Registro!$N:$N,Registro!$A:$A,B$3,Registro!$F:$F,$A7)=0,"",SUMIFS(Registro!$N:$N,Registro!$A:$A,B$3,Registro!$F:$F,$A7)) | C7: =IF(SUMIFS(Registro!$N:$N,Registro!$A:$A,C$3,Registro!$F:$F,$A7)=0,"",SUMIFS(Registro!$N:$N,Registro!$A:$A,C$3,Registro!$F:$F,$A7)) | D7: =IF(SUMIFS(Registro!$N:$N,Registro!$A:$A,D$3,Registro!$F:$F,$A7)=0,"",SUMIFS(Registro!$N:$N,Registro!$A:$A,D$3,Registro!$F:$F,$A7)) | E7: =IF(SUMIFS(Registro!$N:$N,Registro!$A:$A,E$3,Registro!$F:$F,$A7)=0,"",SUMIFS(Registro!$N:$N,Registro!$A:$A,E$3,Registro!$F:$F,$A7)) | F7: =IF(SUMIFS(Registro!$N:$N,Registro!$A:$A,F$3,Registro!$F:$F,$A7)=0,"",SUMIFS(Registro!$N:$N,Registro!$A:$A,F$3,Registro!$F:$F,$A7)) | G7: =IF(SUMIFS(Registro!$N:$N,Registro!$A:$A,G$3,Registro!$F:$F,$A7)=0,"",SUMIFS(Registro!$N:$N,Registro!$A:$A,G$3,Registro!$F:$F,$A7)) | H7: =IF(SUMIFS(Registro!$N:$N,Registro!$A:$A,H$3,Registro!$F:$F,$A7)=0,"",SUMIFS(Registro!$N:$N,Registro!$A:$A,H$3,Registro!$F:$F,$A7)) | I7: =IF(SUMIFS(Registro!$N:$N,Registro!$A:$A,I$3,Registro!$F:$F,$A7)=0,"",SUMIFS(Registro!$N:$N,Registro!$A:$A,I$3,Registro!$F:$F,$A7)) | ... AN7: =IF(SUMIFS(Registro!$N:$N,Registro!$A:$A,AN$3,Registro!$F:$F,$A7)=0,"",SUMIFS(Registro!$N:$N,Registro!$A:$A,AN$3,Registro!$F:$F,$A7))
A8: =Jugadores!$B$8 -> Jugador 4 | B8: =IF(SUMIFS(Registro!$N:$N,Registro!$A:$A,B$3,Registro!$F:$F,$A8)=0,"",SUMIFS(Registro!$N:$N,Registro!$A:$A,B$3,Registro!$F:$F,$A8)) | C8: =IF(SUMIFS(Registro!$N:$N,Registro!$A:$A,C$3,Registro!$F:$F,$A8)=0,"",SUMIFS(Registro!$N:$N,Registro!$A:$A,C$3,Registro!$F:$F,$A8)) | D8: =IF(SUMIFS(Registro!$N:$N,Registro!$A:$A,D$3,Registro!$F:$F,$A8)=0,"",SUMIFS(Registro!$N:$N,Registro!$A:$A,D$3,Registro!$F:$F,$A8)) | E8: =IF(SUMIFS(Registro!$N:$N,Registro!$A:$A,E$3,Registro!$F:$F,$A8)=0,"",SUMIFS(Registro!$N:$N,Registro!$A:$A,E$3,Registro!$F:$F,$A8)) | F8: =IF(SUMIFS(Registro!$N:$N,Registro!$A:$A,F$3,Registro!$F:$F,$A8)=0,"",SUMIFS(Registro!$N:$N,Registro!$A:$A,F$3,Registro!$F:$F,$A8)) | G8: =IF(SUMIFS(Registro!$N:$N,Registro!$A:$A,G$3,Registro!$F:$F,$A8)=0,"",SUMIFS(Registro!$N:$N,Registro!$A:$A,G$3,Registro!$F:$F,$A8)) | H8: =IF(SUMIFS(Registro!$N:$N,Registro!$A:$A,H$3,Registro!$F:$F,$A8)=0,"",SUMIFS(Registro!$N:$N,Registro!$A:$A,H$3,Registro!$F:$F,$A8)) | I8: =IF(SUMIFS(Registro!$N:$N,Registro!$A:$A,I$3,Registro!$F:$F,$A8)=0,"",SUMIFS(Registro!$N:$N,Registro!$A:$A,I$3,Registro!$F:$F,$A8)) | ... AN8: =IF(SUMIFS(Registro!$N:$N,Registro!$A:$A,AN$3,Registro!$F:$F,$A8)=0,"",SUMIFS(Registro!$N:$N,Registro!$A:$A,AN$3,Registro!$F:$F,$A8))
A9: =Jugadores!$B$9 -> Jugador 5 | B9: =IF(SUMIFS(Registro!$N:$N,Registro!$A:$A,B$3,Registro!$F:$F,$A9)=0,"",SUMIFS(Registro!$N:$N,Registro!$A:$A,B$3,Registro!$F:$F,$A9)) | C9: =IF(SUMIFS(Registro!$N:$N,Registro!$A:$A,C$3,Registro!$F:$F,$A9)=0,"",SUMIFS(Registro!$N:$N,Registro!$A:$A,C$3,Registro!$F:$F,$A9)) | D9: =IF(SUMIFS(Registro!$N:$N,Registro!$A:$A,D$3,Registro!$F:$F,$A9)=0,"",SUMIFS(Registro!$N:$N,Registro!$A:$A,D$3,Registro!$F:$F,$A9)) | E9: =IF(SUMIFS(Registro!$N:$N,Registro!$A:$A,E$3,Registro!$F:$F,$A9)=0,"",SUMIFS(Registro!$N:$N,Registro!$A:$A,E$3,Registro!$F:$F,$A9)) | F9: =IF(SUMIFS(Registro!$N:$N,Registro!$A:$A,F$3,Registro!$F:$F,$A9)=0,"",SUMIFS(Registro!$N:$N,Registro!$A:$A,F$3,Registro!$F:$F,$A9)) | G9: =IF(SUMIFS(Registro!$N:$N,Registro!$A:$A,G$3,Registro!$F:$F,$A9)=0,"",SUMIFS(Registro!$N:$N,Registro!$A:$A,G$3,Registro!$F:$F,$A9)) | H9: =IF(SUMIFS(Registro!$N:$N,Registro!$A:$A,H$3,Registro!$F:$F,$A9)=0,"",SUMIFS(Registro!$N:$N,Registro!$A:$A,H$3,Registro!$F:$F,$A9)) | I9: =IF(SUMIFS(Registro!$N:$N,Registro!$A:$A,I$3,Registro!$F:$F,$A9)=0,"",SUMIFS(Registro!$N:$N,Registro!$A:$A,I$3,Registro!$F:$F,$A9)) | ... AN9: =IF(SUMIFS(Registro!$N:$N,Registro!$A:$A,AN$3,Registro!$F:$F,$A9)=0,"",SUMIFS(Registro!$N:$N,Registro!$A:$A,AN$3,Registro!$F:$F,$A9))
A10: =Jugadores!$B$10 -> Jugador 6 | B10: =IF(SUMIFS(Registro!$N:$N,Registro!$A:$A,B$3,Registro!$F:$F,$A10)=0,"",SUMIFS(Registro!$N:$N,Registro!$A:$A,B$3,Registro!$F:$F,$A10)) | C10: =IF(SUMIFS(Registro!$N:$N,Registro!$A:$A,C$3,Registro!$F:$F,$A10)=0,"",SUMIFS(Registro!$N:$N,Registro!$A:$A,C$3,Registro!$F:$F,$A10)) | D10: =IF(SUMIFS(Registro!$N:$N,Registro!$A:$A,D$3,Registro!$F:$F,$A10)=0,"",SUMIFS(Registro!$N:$N,Registro!$A:$A,D$3,Registro!$F:$F,$A10)) | E10: =IF(SUMIFS(Registro!$N:$N,Registro!$A:$A,E$3,Registro!$F:$F,$A10)=0,"",SUMIFS(Registro!$N:$N,Registro!$A:$A,E$3,Registro!$F:$F,$A10)) | F10: =IF(SUMIFS(Registro!$N:$N,Registro!$A:$A,F$3,Registro!$F:$F,$A10)=0,"",SUMIFS(Registro!$N:$N,Registro!$A:$A,F$3,Registro!$F:$F,$A10)) | G10: =IF(SUMIFS(Registro!$N:$N,Registro!$A:$A,G$3,Registro!$F:$F,$A10)=0,"",SUMIFS(Registro!$N:$N,Registro!$A:$A,G$3,Registro!$F:$F,$A10)) | H10: =IF(SUMIFS(Registro!$N:$N,Registro!$A:$A,H$3,Registro!$F:$F,$A10)=0,"",SUMIFS(Registro!$N:$N,Registro!$A:$A,H$3,Registro!$F:$F,$A10)) | I10: =IF(SUMIFS(Registro!$N:$N,Registro!$A:$A,I$3,Registro!$F:$F,$A10)=0,"",SUMIFS(Registro!$N:$N,Registro!$A:$A,I$3,Registro!$F:$F,$A10)) | ... AN10: =IF(SUMIFS(Registro!$N:$N,Registro!$A:$A,AN$3,Registro!$F:$F,$A10)=0,"",SUMIFS(Registro!$N:$N,Registro!$A:$A,AN$3,Registro!$F:$F,$A10))
A11: =Jugadores!$B$11 -> Jugador 7 | B11: =IF(SUMIFS(Registro!$N:$N,Registro!$A:$A,B$3,Registro!$F:$F,$A11)=0,"",SUMIFS(Registro!$N:$N,Registro!$A:$A,B$3,Registro!$F:$F,$A11)) | C11: =IF(SUMIFS(Registro!$N:$N,Registro!$A:$A,C$3,Registro!$F:$F,$A11)=0,"",SUMIFS(Registro!$N:$N,Registro!$A:$A,C$3,Registro!$F:$F,$A11)) | D11: =IF(SUMIFS(Registro!$N:$N,Registro!$A:$A,D$3,Registro!$F:$F,$A11)=0,"",SUMIFS(Registro!$N:$N,Registro!$A:$A,D$3,Registro!$F:$F,$A11)) | E11: =IF(SUMIFS(Registro!$N:$N,Registro!$A:$A,E$3,Registro!$F:$F,$A11)=0,"",SUMIFS(Registro!$N:$N,Registro!$A:$A,E$3,Registro!$F:$F,$A11)) | F11: =IF(SUMIFS(Registro!$N:$N,Registro!$A:$A,F$3,Registro!$F:$F,$A11)=0,"",SUMIFS(Registro!$N:$N,Registro!$A:$A,F$3,Registro!$F:$F,$A11)) | G11: =IF(SUMIFS(Registro!$N:$N,Registro!$A:$A,G$3,Registro!$F:$F,$A11)=0,"",SUMIFS(Registro!$N:$N,Registro!$A:$A,G$3,Registro!$F:$F,$A11)) | H11: =IF(SUMIFS(Registro!$N:$N,Registro!$A:$A,H$3,Registro!$F:$F,$A11)=0,"",SUMIFS(Registro!$N:$N,Registro!$A:$A,H$3,Registro!$F:$F,$A11)) | I11: =IF(SUMIFS(Registro!$N:$N,Registro!$A:$A,I$3,Registro!$F:$F,$A11)=0,"",SUMIFS(Registro!$N:$N,Registro!$A:$A,I$3,Registro!$F:$F,$A11)) | ... AN11: =IF(SUMIFS(Registro!$N:$N,Registro!$A:$A,AN$3,Registro!$F:$F,$A11)=0,"",SUMIFS(Registro!$N:$N,Registro!$A:$A,AN$3,Registro!$F:$F,$A11))
A12: =Jugadores!$B$12 -> Jugador 8 | B12: =IF(SUMIFS(Registro!$N:$N,Registro!$A:$A,B$3,Registro!$F:$F,$A12)=0,"",SUMIFS(Registro!$N:$N,Registro!$A:$A,B$3,Registro!$F:$F,$A12)) | C12: =IF(SUMIFS(Registro!$N:$N,Registro!$A:$A,C$3,Registro!$F:$F,$A12)=0,"",SUMIFS(Registro!$N:$N,Registro!$A:$A,C$3,Registro!$F:$F,$A12)) | D12: =IF(SUMIFS(Registro!$N:$N,Registro!$A:$A,D$3,Registro!$F:$F,$A12)=0,"",SUMIFS(Registro!$N:$N,Registro!$A:$A,D$3,Registro!$F:$F,$A12)) | E12: =IF(SUMIFS(Registro!$N:$N,Registro!$A:$A,E$3,Registro!$F:$F,$A12)=0,"",SUMIFS(Registro!$N:$N,Registro!$A:$A,E$3,Registro!$F:$F,$A12)) | F12: =IF(SUMIFS(Registro!$N:$N,Registro!$A:$A,F$3,Registro!$F:$F,$A12)=0,"",SUMIFS(Registro!$N:$N,Registro!$A:$A,F$3,Registro!$F:$F,$A12)) | G12: =IF(SUMIFS(Registro!$N:$N,Registro!$A:$A,G$3,Registro!$F:$F,$A12)=0,"",SUMIFS(Registro!$N:$N,Registro!$A:$A,G$3,Registro!$F:$F,$A12)) | H12: =IF(SUMIFS(Registro!$N:$N,Registro!$A:$A,H$3,Registro!$F:$F,$A12)=0,"",SUMIFS(Registro!$N:$N,Registro!$A:$A,H$3,Registro!$F:$F,$A12)) | I12: =IF(SUMIFS(Registro!$N:$N,Registro!$A:$A,I$3,Registro!$F:$F,$A12)=0,"",SUMIFS(Registro!$N:$N,Registro!$A:$A,I$3,Registro!$F:$F,$A12)) | ... AN12: =IF(SUMIFS(Registro!$N:$N,Registro!$A:$A,AN$3,Registro!$F:$F,$A12)=0,"",SUMIFS(Registro!$N:$N,Registro!$A:$A,AN$3,Registro!$F:$F,$A12))
A13: =Jugadores!$B$13 -> Jugador 9 | B13: =IF(SUMIFS(Registro!$N:$N,Registro!$A:$A,B$3,Registro!$F:$F,$A13)=0,"",SUMIFS(Registro!$N:$N,Registro!$A:$A,B$3,Registro!$F:$F,$A13)) | C13: =IF(SUMIFS(Registro!$N:$N,Registro!$A:$A,C$3,Registro!$F:$F,$A13)=0,"",SUMIFS(Registro!$N:$N,Registro!$A:$A,C$3,Registro!$F:$F,$A13)) | D13: =IF(SUMIFS(Registro!$N:$N,Registro!$A:$A,D$3,Registro!$F:$F,$A13)=0,"",SUMIFS(Registro!$N:$N,Registro!$A:$A,D$3,Registro!$F:$F,$A13)) | E13: =IF(SUMIFS(Registro!$N:$N,Registro!$A:$A,E$3,Registro!$F:$F,$A13)=0,"",SUMIFS(Registro!$N:$N,Registro!$A:$A,E$3,Registro!$F:$F,$A13)) | F13: =IF(SUMIFS(Registro!$N:$N,Registro!$A:$A,F$3,Registro!$F:$F,$A13)=0,"",SUMIFS(Registro!$N:$N,Registro!$A:$A,F$3,Registro!$F:$F,$A13)) | G13: =IF(SUMIFS(Registro!$N:$N,Registro!$A:$A,G$3,Registro!$F:$F,$A13)=0,"",SUMIFS(Registro!$N:$N,Registro!$A:$A,G$3,Registro!$F:$F,$A13)) | H13: =IF(SUMIFS(Registro!$N:$N,Registro!$A:$A,H$3,Registro!$F:$F,$A13)=0,"",SUMIFS(Registro!$N:$N,Registro!$A:$A,H$3,Registro!$F:$F,$A13)) | I13: =IF(SUMIFS(Registro!$N:$N,Registro!$A:$A,I$3,Registro!$F:$F,$A13)=0,"",SUMIFS(Registro!$N:$N,Registro!$A:$A,I$3,Registro!$F:$F,$A13)) | ... AN13: =IF(SUMIFS(Registro!$N:$N,Registro!$A:$A,AN$3,Registro!$F:$F,$A13)=0,"",SUMIFS(Registro!$N:$N,Registro!$A:$A,AN$3,Registro!$F:$F,$A13))
A14: =Jugadores!$B$14 -> Jugador 10 | B14: =IF(SUMIFS(Registro!$N:$N,Registro!$A:$A,B$3,Registro!$F:$F,$A14)=0,"",SUMIFS(Registro!$N:$N,Registro!$A:$A,B$3,Registro!$F:$F,$A14)) | C14: =IF(SUMIFS(Registro!$N:$N,Registro!$A:$A,C$3,Registro!$F:$F,$A14)=0,"",SUMIFS(Registro!$N:$N,Registro!$A:$A,C$3,Registro!$F:$F,$A14)) | D14: =IF(SUMIFS(Registro!$N:$N,Registro!$A:$A,D$3,Registro!$F:$F,$A14)=0,"",SUMIFS(Registro!$N:$N,Registro!$A:$A,D$3,Registro!$F:$F,$A14)) | E14: =IF(SUMIFS(Registro!$N:$N,Registro!$A:$A,E$3,Registro!$F:$F,$A14)=0,"",SUMIFS(Registro!$N:$N,Registro!$A:$A,E$3,Registro!$F:$F,$A14)) | F14: =IF(SUMIFS(Registro!$N:$N,Registro!$A:$A,F$3,Registro!$F:$F,$A14)=0,"",SUMIFS(Registro!$N:$N,Registro!$A:$A,F$3,Registro!$F:$F,$A14)) | G14: =IF(SUMIFS(Registro!$N:$N,Registro!$A:$A,G$3,Registro!$F:$F,$A14)=0,"",SUMIFS(Registro!$N:$N,Registro!$A:$A,G$3,Registro!$F:$F,$A14)) | H14: =IF(SUMIFS(Registro!$N:$N,Registro!$A:$A,H$3,Registro!$F:$F,$A14)=0,"",SUMIFS(Registro!$N:$N,Registro!$A:$A,H$3,Registro!$F:$F,$A14)) | I14: =IF(SUMIFS(Registro!$N:$N,Registro!$A:$A,I$3,Registro!$F:$F,$A14)=0,"",SUMIFS(Registro!$N:$N,Registro!$A:$A,I$3,Registro!$F:$F,$A14)) | ... AN14: =IF(SUMIFS(Registro!$N:$N,Registro!$A:$A,AN$3,Registro!$F:$F,$A14)=0,"",SUMIFS(Registro!$N:$N,Registro!$A:$A,AN$3,Registro!$F:$F,$A14))
A15: =Jugadores!$B$15 -> Jugador 11 | B15: =IF(SUMIFS(Registro!$N:$N,Registro!$A:$A,B$3,Registro!$F:$F,$A15)=0,"",SUMIFS(Registro!$N:$N,Registro!$A:$A,B$3,Registro!$F:$F,$A15)) | C15: =IF(SUMIFS(Registro!$N:$N,Registro!$A:$A,C$3,Registro!$F:$F,$A15)=0,"",SUMIFS(Registro!$N:$N,Registro!$A:$A,C$3,Registro!$F:$F,$A15)) | D15: =IF(SUMIFS(Registro!$N:$N,Registro!$A:$A,D$3,Registro!$F:$F,$A15)=0,"",SUMIFS(Registro!$N:$N,Registro!$A:$A,D$3,Registro!$F:$F,$A15)) | E15: =IF(SUMIFS(Registro!$N:$N,Registro!$A:$A,E$3,Registro!$F:$F,$A15)=0,"",SUMIFS(Registro!$N:$N,Registro!$A:$A,E$3,Registro!$F:$F,$A15)) | F15: =IF(SUMIFS(Registro!$N:$N,Registro!$A:$A,F$3,Registro!$F:$F,$A15)=0,"",SUMIFS(Registro!$N:$N,Registro!$A:$A,F$3,Registro!$F:$F,$A15)) | G15: =IF(SUMIFS(Registro!$N:$N,Registro!$A:$A,G$3,Registro!$F:$F,$A15)=0,"",SUMIFS(Registro!$N:$N,Registro!$A:$A,G$3,Registro!$F:$F,$A15)) | H15: =IF(SUMIFS(Registro!$N:$N,Registro!$A:$A,H$3,Registro!$F:$F,$A15)=0,"",SUMIFS(Registro!$N:$N,Registro!$A:$A,H$3,Registro!$F:$F,$A15)) | I15: =IF(SUMIFS(Registro!$N:$N,Registro!$A:$A,I$3,Registro!$F:$F,$A15)=0,"",SUMIFS(Registro!$N:$N,Registro!$A:$A,I$3,Registro!$F:$F,$A15)) | ... AN15: =IF(SUMIFS(Registro!$N:$N,Registro!$A:$A,AN$3,Registro!$F:$F,$A15)=0,"",SUMIFS(Registro!$N:$N,Registro!$A:$A,AN$3,Registro!$F:$F,$A15))
A16: =Jugadores!$B$16 -> Jugador 12 | B16: =IF(SUMIFS(Registro!$N:$N,Registro!$A:$A,B$3,Registro!$F:$F,$A16)=0,"",SUMIFS(Registro!$N:$N,Registro!$A:$A,B$3,Registro!$F:$F,$A16)) | C16: =IF(SUMIFS(Registro!$N:$N,Registro!$A:$A,C$3,Registro!$F:$F,$A16)=0,"",SUMIFS(Registro!$N:$N,Registro!$A:$A,C$3,Registro!$F:$F,$A16)) | D16: =IF(SUMIFS(Registro!$N:$N,Registro!$A:$A,D$3,Registro!$F:$F,$A16)=0,"",SUMIFS(Registro!$N:$N,Registro!$A:$A,D$3,Registro!$F:$F,$A16)) | E16: =IF(SUMIFS(Registro!$N:$N,Registro!$A:$A,E$3,Registro!$F:$F,$A16)=0,"",SUMIFS(Registro!$N:$N,Registro!$A:$A,E$3,Registro!$F:$F,$A16)) | F16: =IF(SUMIFS(Registro!$N:$N,Registro!$A:$A,F$3,Registro!$F:$F,$A16)=0,"",SUMIFS(Registro!$N:$N,Registro!$A:$A,F$3,Registro!$F:$F,$A16)) | G16: =IF(SUMIFS(Registro!$N:$N,Registro!$A:$A,G$3,Registro!$F:$F,$A16)=0,"",SUMIFS(Registro!$N:$N,Registro!$A:$A,G$3,Registro!$F:$F,$A16)) | H16: =IF(SUMIFS(Registro!$N:$N,Registro!$A:$A,H$3,Registro!$F:$F,$A16)=0,"",SUMIFS(Registro!$N:$N,Registro!$A:$A,H$3,Registro!$F:$F,$A16)) | I16: =IF(SUMIFS(Registro!$N:$N,Registro!$A:$A,I$3,Registro!$F:$F,$A16)=0,"",SUMIFS(Registro!$N:$N,Registro!$A:$A,I$3,Registro!$F:$F,$A16)) | ... AN16: =IF(SUMIFS(Registro!$N:$N,Registro!$A:$A,AN$3,Registro!$F:$F,$A16)=0,"",SUMIFS(Registro!$N:$N,Registro!$A:$A,AN$3,Registro!$F:$F,$A16))
A17: =Jugadores!$B$17 -> Jugador 13 | B17: =IF(SUMIFS(Registro!$N:$N,Registro!$A:$A,B$3,Registro!$F:$F,$A17)=0,"",SUMIFS(Registro!$N:$N,Registro!$A:$A,B$3,Registro!$F:$F,$A17)) | C17: =IF(SUMIFS(Registro!$N:$N,Registro!$A:$A,C$3,Registro!$F:$F,$A17)=0,"",SUMIFS(Registro!$N:$N,Registro!$A:$A,C$3,Registro!$F:$F,$A17)) | D17: =IF(SUMIFS(Registro!$N:$N,Registro!$A:$A,D$3,Registro!$F:$F,$A17)=0,"",SUMIFS(Registro!$N:$N,Registro!$A:$A,D$3,Registro!$F:$F,$A17)) | E17: =IF(SUMIFS(Registro!$N:$N,Registro!$A:$A,E$3,Registro!$F:$F,$A17)=0,"",SUMIFS(Registro!$N:$N,Registro!$A:$A,E$3,Registro!$F:$F,$A17)) | F17: =IF(SUMIFS(Registro!$N:$N,Registro!$A:$A,F$3,Registro!$F:$F,$A17)=0,"",SUMIFS(Registro!$N:$N,Registro!$A:$A,F$3,Registro!$F:$F,$A17)) | G17: =IF(SUMIFS(Registro!$N:$N,Registro!$A:$A,G$3,Registro!$F:$F,$A17)=0,"",SUMIFS(Registro!$N:$N,Registro!$A:$A,G$3,Registro!$F:$F,$A17)) | H17: =IF(SUMIFS(Registro!$N:$N,Registro!$A:$A,H$3,Registro!$F:$F,$A17)=0,"",SUMIFS(Registro!$N:$N,Registro!$A:$A,H$3,Registro!$F:$F,$A17)) | I17: =IF(SUMIFS(Registro!$N:$N,Registro!$A:$A,I$3,Registro!$F:$F,$A17)=0,"",SUMIFS(Registro!$N:$N,Registro!$A:$A,I$3,Registro!$F:$F,$A17)) | ... AN17: =IF(SUMIFS(Registro!$N:$N,Registro!$A:$A,AN$3,Registro!$F:$F,$A17)=0,"",SUMIFS(Registro!$N:$N,Registro!$A:$A,AN$3,Registro!$F:$F,$A17))
A18: =Jugadores!$B$18 -> Jugador 14 | B18: =IF(SUMIFS(Registro!$N:$N,Registro!$A:$A,B$3,Registro!$F:$F,$A18)=0,"",SUMIFS(Registro!$N:$N,Registro!$A:$A,B$3,Registro!$F:$F,$A18)) | C18: =IF(SUMIFS(Registro!$N:$N,Registro!$A:$A,C$3,Registro!$F:$F,$A18)=0,"",SUMIFS(Registro!$N:$N,Registro!$A:$A,C$3,Registro!$F:$F,$A18)) | D18: =IF(SUMIFS(Registro!$N:$N,Registro!$A:$A,D$3,Registro!$F:$F,$A18)=0,"",SUMIFS(Registro!$N:$N,Registro!$A:$A,D$3,Registro!$F:$F,$A18)) | E18: =IF(SUMIFS(Registro!$N:$N,Registro!$A:$A,E$3,Registro!$F:$F,$A18)=0,"",SUMIFS(Registro!$N:$N,Registro!$A:$A,E$3,Registro!$F:$F,$A18)) | F18: =IF(SUMIFS(Registro!$N:$N,Registro!$A:$A,F$3,Registro!$F:$F,$A18)=0,"",SUMIFS(Registro!$N:$N,Registro!$A:$A,F$3,Registro!$F:$F,$A18)) | G18: =IF(SUMIFS(Registro!$N:$N,Registro!$A:$A,G$3,Registro!$F:$F,$A18)=0,"",SUMIFS(Registro!$N:$N,Registro!$A:$A,G$3,Registro!$F:$F,$A18)) | H18: =IF(SUMIFS(Registro!$N:$N,Registro!$A:$A,H$3,Registro!$F:$F,$A18)=0,"",SUMIFS(Registro!$N:$N,Registro!$A:$A,H$3,Registro!$F:$F,$A18)) | I18: =IF(SUMIFS(Registro!$N:$N,Registro!$A:$A,I$3,Registro!$F:$F,$A18)=0,"",SUMIFS(Registro!$N:$N,Registro!$A:$A,I$3,Registro!$F:$F,$A18)) | ... AN18: =IF(SUMIFS(Registro!$N:$N,Registro!$A:$A,AN$3,Registro!$F:$F,$A18)=0,"",SUMIFS(Registro!$N:$N,Registro!$A:$A,AN$3,Registro!$F:$F,$A18))

Sheet Panel carga
A1: CARGA PERCIBIDA SEMANAL · RPE por duración de sesión
A2: Se rellena solo a partir de la hoja Registro.
A3: Semana | B3: 1 | C3: 2 | D3: 3 | E3: 4 | F3: 5 | G3: 6 | H3: 7 | I3: 8 | J3: 9 | K3: 10 | L3: 11 | M3: 12 | N3: 13 | O3: 14 | P3: 15 | Q3: 16 | R3: 17 | S3: 18 | T3: 19 | U3: 20 | V3: 21 | W3: 22 | X3: 23 | Y3: 24 | Z3: 25 | AA3: 26 | AB3: 27 | AC3: 28 | AD3: 29 | AE3: 30 | AF3: 31 | AG3: 32 | AH3: 33 | AI3: 34 | AJ3: 35 | AK3: 36 | AL3: 37 | AM3: 38 | AN3: 39
A4: Jugador | B4: M0 | C4: M0 | D4: M0 | E4: M0 | F4: M1 | G4: M1 | H4: M1 | I4: M1 | J4: M1 | K4: M1 | L4: M1 | M4: M1 | N4: M2 | O4: M2 | P4: M2 | Q4: M3 | R4: M3 | S4: M3 | T4: M3 | U4: M4 | V4: M4 | W4: M4 | X4: M4 | Y4: M4 | Z4: M4 | AA4: M5 | AB4: M5 | AC4: M6 | AD4: M6 | AE4: M6 | AF4: M7 | AG4: M7 | AH4: M7 | AI4: M8 | AJ4: M8 | AK4: M9 | AL4: M9 | AM4: M9 | AN4: M9
A5: =Jugadores!$B$5 -> Jugador 1 | B5: =IF(SUMIFS(Registro!$J:$J,Registro!$A:$A,B$3,Registro!$F:$F,$A5)=0,"",SUMIFS(Registro!$J:$J,Registro!$A:$A,B$3,Registro!$F:$F,$A5)) | C5: =IF(SUMIFS(Registro!$J:$J,Registro!$A:$A,C$3,Registro!$F:$F,$A5)=0,"",SUMIFS(Registro!$J:$J,Registro!$A:$A,C$3,Registro!$F:$F,$A5)) | D5: =IF(SUMIFS(Registro!$J:$J,Registro!$A:$A,D$3,Registro!$F:$F,$A5)=0,"",SUMIFS(Registro!$J:$J,Registro!$A:$A,D$3,Registro!$F:$F,$A5)) | E5: =IF(SUMIFS(Registro!$J:$J,Registro!$A:$A,E$3,Registro!$F:$F,$A5)=0,"",SUMIFS(Registro!$J:$J,Registro!$A:$A,E$3,Registro!$F:$F,$A5)) | F5: =IF(SUMIFS(Registro!$J:$J,Registro!$A:$A,F$3,Registro!$F:$F,$A5)=0,"",SUMIFS(Registro!$J:$J,Registro!$A:$A,F$3,Registro!$F:$F,$A5)) | G5: =IF(SUMIFS(Registro!$J:$J,Registro!$A:$A,G$3,Registro!$F:$F,$A5)=0,"",SUMIFS(Registro!$J:$J,Registro!$A:$A,G$3,Registro!$F:$F,$A5)) | H5: =IF(SUMIFS(Registro!$J:$J,Registro!$A:$A,H$3,Registro!$F:$F,$A5)=0,"",SUMIFS(Registro!$J:$J,Registro!$A:$A,H$3,Registro!$F:$F,$A5)) | I5: =IF(SUMIFS(Registro!$J:$J,Registro!$A:$A,I$3,Registro!$F:$F,$A5)=0,"",SUMIFS(Registro!$J:$J,Registro!$A:$A,I$3,Registro!$F:$F,$A5)) | ... AN5: =IF(SUMIFS(Registro!$J:$J,Registro!$A:$A,AN$3,Registro!$F:$F,$A5)=0,"",SUMIFS(Registro!$J:$J,Registro!$A:$A,AN$3,Registro!$F:$F,$A5))
A6: =Jugadores!$B$6 -> Jugador 2 | B6: =IF(SUMIFS(Registro!$J:$J,Registro!$A:$A,B$3,Registro!$F:$F,$A6)=0,"",SUMIFS(Registro!$J:$J,Registro!$A:$A,B$3,Registro!$F:$F,$A6)) | C6: =IF(SUMIFS(Registro!$J:$J,Registro!$A:$A,C$3,Registro!$F:$F,$A6)=0,"",SUMIFS(Registro!$J:$J,Registro!$A:$A,C$3,Registro!$F:$F,$A6)) | D6: =IF(SUMIFS(Registro!$J:$J,Registro!$A:$A,D$3,Registro!$F:$F,$A6)=0,"",SUMIFS(Registro!$J:$J,Registro!$A:$A,D$3,Registro!$F:$F,$A6)) | E6: =IF(SUMIFS(Registro!$J:$J,Registro!$A:$A,E$3,Registro!$F:$F,$A6)=0,"",SUMIFS(Registro!$J:$J,Registro!$A:$A,E$3,Registro!$F:$F,$A6)) | F6: =IF(SUMIFS(Registro!$J:$J,Registro!$A:$A,F$3,Registro!$F:$F,$A6)=0,"",SUMIFS(Registro!$J:$J,Registro!$A:$A,F$3,Registro!$F:$F,$A6)) | G6: =IF(SUMIFS(Registro!$J:$J,Registro!$A:$A,G$3,Registro!$F:$F,$A6)=0,"",SUMIFS(Registro!$J:$J,Registro!$A:$A,G$3,Registro!$F:$F,$A6)) | H6: =IF(SUMIFS(Registro!$J:$J,Registro!$A:$A,H$3,Registro!$F:$F,$A6)=0,"",SUMIFS(Registro!$J:$J,Registro!$A:$A,H$3,Registro!$F:$F,$A6)) | I6: =IF(SUMIFS(Registro!$J:$J,Registro!$A:$A,I$3,Registro!$F:$F,$A6)=0,"",SUMIFS(Registro!$J:$J,Registro!$A:$A,I$3,Registro!$F:$F,$A6)) | ... AN6: =IF(SUMIFS(Registro!$J:$J,Registro!$A:$A,AN$3,Registro!$F:$F,$A6)=0,"",SUMIFS(Registro!$J:$J,Registro!$A:$A,AN$3,Registro!$F:$F,$A6))
A7: =Jugadores!$B$7 -> Jugador 3 | B7: =IF(SUMIFS(Registro!$J:$J,Registro!$A:$A,B$3,Registro!$F:$F,$A7)=0,"",SUMIFS(Registro!$J:$J,Registro!$A:$A,B$3,Registro!$F:$F,$A7)) | C7: =IF(SUMIFS(Registro!$J:$J,Registro!$A:$A,C$3,Registro!$F:$F,$A7)=0,"",SUMIFS(Registro!$J:$J,Registro!$A:$A,C$3,Registro!$F:$F,$A7)) | D7: =IF(SUMIFS(Registro!$J:$J,Registro!$A:$A,D$3,Registro!$F:$F,$A7)=0,"",SUMIFS(Registro!$J:$J,Registro!$A:$A,D$3,Registro!$F:$F,$A7)) | E7: =IF(SUMIFS(Registro!$J:$J,Registro!$A:$A,E$3,Registro!$F:$F,$A7)=0,"",SUMIFS(Registro!$J:$J,Registro!$A:$A,E$3,Registro!$F:$F,$A7)) | F7: =IF(SUMIFS(Registro!$J:$J,Registro!$A:$A,F$3,Registro!$F:$F,$A7)=0,"",SUMIFS(Registro!$J:$J,Registro!$A:$A,F$3,Registro!$F:$F,$A7)) | G7: =IF(SUMIFS(Registro!$J:$J,Registro!$A:$A,G$3,Registro!$F:$F,$A7)=0,"",SUMIFS(Registro!$J:$J,Registro!$A:$A,G$3,Registro!$F:$F,$A7)) | H7: =IF(SUMIFS(Registro!$J:$J,Registro!$A:$A,H$3,Registro!$F:$F,$A7)=0,"",SUMIFS(Registro!$J:$J,Registro!$A:$A,H$3,Registro!$F:$F,$A7)) | I7: =IF(SUMIFS(Registro!$J:$J,Registro!$A:$A,I$3,Registro!$F:$F,$A7)=0,"",SUMIFS(Registro!$J:$J,Registro!$A:$A,I$3,Registro!$F:$F,$A7)) | ... AN7: =IF(SUMIFS(Registro!$J:$J,Registro!$A:$A,AN$3,Registro!$F:$F,$A7)=0,"",SUMIFS(Registro!$J:$J,Registro!$A:$A,AN$3,Registro!$F:$F,$A7))
A8: =Jugadores!$B$8 -> Jugador 4 | B8: =IF(SUMIFS(Registro!$J:$J,Registro!$A:$A,B$3,Registro!$F:$F,$A8)=0,"",SUMIFS(Registro!$J:$J,Registro!$A:$A,B$3,Registro!$F:$F,$A8)) | C8: =IF(SUMIFS(Registro!$J:$J,Registro!$A:$A,C$3,Registro!$F:$F,$A8)=0,"",SUMIFS(Registro!$J:$J,Registro!$A:$A,C$3,Registro!$F:$F,$A8)) | D8: =IF(SUMIFS(Registro!$J:$J,Registro!$A:$A,D$3,Registro!$F:$F,$A8)=0,"",SUMIFS(Registro!$J:$J,Registro!$A:$A,D$3,Registro!$F:$F,$A8)) | E8: =IF(SUMIFS(Registro!$J:$J,Registro!$A:$A,E$3,Registro!$F:$F,$A8)=0,"",SUMIFS(Registro!$J:$J,Registro!$A:$A,E$3,Registro!$F:$F,$A8)) | F8: =IF(SUMIFS(Registro!$J:$J,Registro!$A:$A,F$3,Registro!$F:$F,$A8)=0,"",SUMIFS(Registro!$J:$J,Registro!$A:$A,F$3,Registro!$F:$F,$A8)) | G8: =IF(SUMIFS(Registro!$J:$J,Registro!$A:$A,G$3,Registro!$F:$F,$A8)=0,"",SUMIFS(Registro!$J:$J,Registro!$A:$A,G$3,Registro!$F:$F,$A8)) | H8: =IF(SUMIFS(Registro!$J:$J,Registro!$A:$A,H$3,Registro!$F:$F,$A8)=0,"",SUMIFS(Registro!$J:$J,Registro!$A:$A,H$3,Registro!$F:$F,$A8)) | I8: =IF(SUMIFS(Registro!$J:$J,Registro!$A:$A,I$3,Registro!$F:$F,$A8)=0,"",SUMIFS(Registro!$J:$J,Registro!$A:$A,I$3,Registro!$F:$F,$A8)) | ... AN8: =IF(SUMIFS(Registro!$J:$J,Registro!$A:$A,AN$3,Registro!$F:$F,$A8)=0,"",SUMIFS(Registro!$J:$J,Registro!$A:$A,AN$3,Registro!$F:$F,$A8))
A9: =Jugadores!$B$9 -> Jugador 5 | B9: =IF(SUMIFS(Registro!$J:$J,Registro!$A:$A,B$3,Registro!$F:$F,$A9)=0,"",SUMIFS(Registro!$J:$J,Registro!$A:$A,B$3,Registro!$F:$F,$A9)) | C9: =IF(SUMIFS(Registro!$J:$J,Registro!$A:$A,C$3,Registro!$F:$F,$A9)=0,"",SUMIFS(Registro!$J:$J,Registro!$A:$A,C$3,Registro!$F:$F,$A9)) | D9: =IF(SUMIFS(Registro!$J:$J,Registro!$A:$A,D$3,Registro!$F:$F,$A9)=0,"",SUMIFS(Registro!$J:$J,Registro!$A:$A,D$3,Registro!$F:$F,$A9)) | E9: =IF(SUMIFS(Registro!$J:$J,Registro!$A:$A,E$3,Registro!$F:$F,$A9)=0,"",SUMIFS(Registro!$J:$J,Registro!$A:$A,E$3,Registro!$F:$F,$A9)) | F9: =IF(SUMIFS(Registro!$J:$J,Registro!$A:$A,F$3,Registro!$F:$F,$A9)=0,"",SUMIFS(Registro!$J:$J,Registro!$A:$A,F$3,Registro!$F:$F,$A9)) | G9: =IF(SUMIFS(Registro!$J:$J,Registro!$A:$A,G$3,Registro!$F:$F,$A9)=0,"",SUMIFS(Registro!$J:$J,Registro!$A:$A,G$3,Registro!$F:$F,$A9)) | H9: =IF(SUMIFS(Registro!$J:$J,Registro!$A:$A,H$3,Registro!$F:$F,$A9)=0,"",SUMIFS(Registro!$J:$J,Registro!$A:$A,H$3,Registro!$F:$F,$A9)) | I9: =IF(SUMIFS(Registro!$J:$J,Registro!$A:$A,I$3,Registro!$F:$F,$A9)=0,"",SUMIFS(Registro!$J:$J,Registro!$A:$A,I$3,Registro!$F:$F,$A9)) | ... AN9: =IF(SUMIFS(Registro!$J:$J,Registro!$A:$A,AN$3,Registro!$F:$F,$A9)=0,"",SUMIFS(Registro!$J:$J,Registro!$A:$A,AN$3,Registro!$F:$F,$A9))
A10: =Jugadores!$B$10 -> Jugador 6 | B10: =IF(SUMIFS(Registro!$J:$J,Registro!$A:$A,B$3,Registro!$F:$F,$A10)=0,"",SUMIFS(Registro!$J:$J,Registro!$A:$A,B$3,Registro!$F:$F,$A10)) | C10: =IF(SUMIFS(Registro!$J:$J,Registro!$A:$A,C$3,Registro!$F:$F,$A10)=0,"",SUMIFS(Registro!$J:$J,Registro!$A:$A,C$3,Registro!$F:$F,$A10)) | D10: =IF(SUMIFS(Registro!$J:$J,Registro!$A:$A,D$3,Registro!$F:$F,$A10)=0,"",SUMIFS(Registro!$J:$J,Registro!$A:$A,D$3,Registro!$F:$F,$A10)) | E10: =IF(SUMIFS(Registro!$J:$J,Registro!$A:$A,E$3,Registro!$F:$F,$A10)=0,"",SUMIFS(Registro!$J:$J,Registro!$A:$A,E$3,Registro!$F:$F,$A10)) | F10: =IF(SUMIFS(Registro!$J:$J,Registro!$A:$A,F$3,Registro!$F:$F,$A10)=0,"",SUMIFS(Registro!$J:$J,Registro!$A:$A,F$3,Registro!$F:$F,$A10)) | G10: =IF(SUMIFS(Registro!$J:$J,Registro!$A:$A,G$3,Registro!$F:$F,$A10)=0,"",SUMIFS(Registro!$J:$J,Registro!$A:$A,G$3,Registro!$F:$F,$A10)) | H10: =IF(SUMIFS(Registro!$J:$J,Registro!$A:$A,H$3,Registro!$F:$F,$A10)=0,"",SUMIFS(Registro!$J:$J,Registro!$A:$A,H$3,Registro!$F:$F,$A10)) | I10: =IF(SUMIFS(Registro!$J:$J,Registro!$A:$A,I$3,Registro!$F:$F,$A10)=0,"",SUMIFS(Registro!$J:$J,Registro!$A:$A,I$3,Registro!$F:$F,$A10)) | ... AN10: =IF(SUMIFS(Registro!$J:$J,Registro!$A:$A,AN$3,Registro!$F:$F,$A10)=0,"",SUMIFS(Registro!$J:$J,Registro!$A:$A,AN$3,Registro!$F:$F,$A10))
A11: =Jugadores!$B$11 -> Jugador 7 | B11: =IF(SUMIFS(Registro!$J:$J,Registro!$A:$A,B$3,Registro!$F:$F,$A11)=0,"",SUMIFS(Registro!$J:$J,Registro!$A:$A,B$3,Registro!$F:$F,$A11)) | C11: =IF(SUMIFS(Registro!$J:$J,Registro!$A:$A,C$3,Registro!$F:$F,$A11)=0,"",SUMIFS(Registro!$J:$J,Registro!$A:$A,C$3,Registro!$F:$F,$A11)) | D11: =IF(SUMIFS(Registro!$J:$J,Registro!$A:$A,D$3,Registro!$F:$F,$A11)=0,"",SUMIFS(Registro!$J:$J,Registro!$A:$A,D$3,Registro!$F:$F,$A11)) | E11: =IF(SUMIFS(Registro!$J:$J,Registro!$A:$A,E$3,Registro!$F:$F,$A11)=0,"",SUMIFS(Registro!$J:$J,Registro!$A:$A,E$3,Registro!$F:$F,$A11)) | F11: =IF(SUMIFS(Registro!$J:$J,Registro!$A:$A,F$3,Registro!$F:$F,$A11)=0,"",SUMIFS(Registro!$J:$J,Registro!$A:$A,F$3,Registro!$F:$F,$A11)) | G11: =IF(SUMIFS(Registro!$J:$J,Registro!$A:$A,G$3,Registro!$F:$F,$A11)=0,"",SUMIFS(Registro!$J:$J,Registro!$A:$A,G$3,Registro!$F:$F,$A11)) | H11: =IF(SUMIFS(Registro!$J:$J,Registro!$A:$A,H$3,Registro!$F:$F,$A11)=0,"",SUMIFS(Registro!$J:$J,Registro!$A:$A,H$3,Registro!$F:$F,$A11)) | I11: =IF(SUMIFS(Registro!$J:$J,Registro!$A:$A,I$3,Registro!$F:$F,$A11)=0,"",SUMIFS(Registro!$J:$J,Registro!$A:$A,I$3,Registro!$F:$F,$A11)) | ... AN11: =IF(SUMIFS(Registro!$J:$J,Registro!$A:$A,AN$3,Registro!$F:$F,$A11)=0,"",SUMIFS(Registro!$J:$J,Registro!$A:$A,AN$3,Registro!$F:$F,$A11))
A12: =Jugadores!$B$12 -> Jugador 8 | B12: =IF(SUMIFS(Registro!$J:$J,Registro!$A:$A,B$3,Registro!$F:$F,$A12)=0,"",SUMIFS(Registro!$J:$J,Registro!$A:$A,B$3,Registro!$F:$F,$A12)) | C12: =IF(SUMIFS(Registro!$J:$J,Registro!$A:$A,C$3,Registro!$F:$F,$A12)=0,"",SUMIFS(Registro!$J:$J,Registro!$A:$A,C$3,Registro!$F:$F,$A12)) | D12: =IF(SUMIFS(Registro!$J:$J,Registro!$A:$A,D$3,Registro!$F:$F,$A12)=0,"",SUMIFS(Registro!$J:$J,Registro!$A:$A,D$3,Registro!$F:$F,$A12)) | E12: =IF(SUMIFS(Registro!$J:$J,Registro!$A:$A,E$3,Registro!$F:$F,$A12)=0,"",SUMIFS(Registro!$J:$J,Registro!$A:$A,E$3,Registro!$F:$F,$A12)) | F12: =IF(SUMIFS(Registro!$J:$J,Registro!$A:$A,F$3,Registro!$F:$F,$A12)=0,"",SUMIFS(Registro!$J:$J,Registro!$A:$A,F$3,Registro!$F:$F,$A12)) | G12: =IF(SUMIFS(Registro!$J:$J,Registro!$A:$A,G$3,Registro!$F:$F,$A12)=0,"",SUMIFS(Registro!$J:$J,Registro!$A:$A,G$3,Registro!$F:$F,$A12)) | H12: =IF(SUMIFS(Registro!$J:$J,Registro!$A:$A,H$3,Registro!$F:$F,$A12)=0,"",SUMIFS(Registro!$J:$J,Registro!$A:$A,H$3,Registro!$F:$F,$A12)) | I12: =IF(SUMIFS(Registro!$J:$J,Registro!$A:$A,I$3,Registro!$F:$F,$A12)=0,"",SUMIFS(Registro!$J:$J,Registro!$A:$A,I$3,Registro!$F:$F,$A12)) | ... AN12: =IF(SUMIFS(Registro!$J:$J,Registro!$A:$A,AN$3,Registro!$F:$F,$A12)=0,"",SUMIFS(Registro!$J:$J,Registro!$A:$A,AN$3,Registro!$F:$F,$A12))
A13: =Jugadores!$B$13 -> Jugador 9 | B13: =IF(SUMIFS(Registro!$J:$J,Registro!$A:$A,B$3,Registro!$F:$F,$A13)=0,"",SUMIFS(Registro!$J:$J,Registro!$A:$A,B$3,Registro!$F:$F,$A13)) | C13: =IF(SUMIFS(Registro!$J:$J,Registro!$A:$A,C$3,Registro!$F:$F,$A13)=0,"",SUMIFS(Registro!$J:$J,Registro!$A:$A,C$3,Registro!$F:$F,$A13)) | D13: =IF(SUMIFS(Registro!$J:$J,Registro!$A:$A,D$3,Registro!$F:$F,$A13)=0,"",SUMIFS(Registro!$J:$J,Registro!$A:$A,D$3,Registro!$F:$F,$A13)) | E13: =IF(SUMIFS(Registro!$J:$J,Registro!$A:$A,E$3,Registro!$F:$F,$A13)=0,"",SUMIFS(Registro!$J:$J,Registro!$A:$A,E$3,Registro!$F:$F,$A13)) | F13: =IF(SUMIFS(Registro!$J:$J,Registro!$A:$A,F$3,Registro!$F:$F,$A13)=0,"",SUMIFS(Registro!$J:$J,Registro!$A:$A,F$3,Registro!$F:$F,$A13)) | G13: =IF(SUMIFS(Registro!$J:$J,Registro!$A:$A,G$3,Registro!$F:$F,$A13)=0,"",SUMIFS(Registro!$J:$J,Registro!$A:$A,G$3,Registro!$F:$F,$A13)) | H13: =IF(SUMIFS(Registro!$J:$J,Registro!$A:$A,H$3,Registro!$F:$F,$A13)=0,"",SUMIFS(Registro!$J:$J,Registro!$A:$A,H$3,Registro!$F:$F,$A13)) | I13: =IF(SUMIFS(Registro!$J:$J,Registro!$A:$A,I$3,Registro!$F:$F,$A13)=0,"",SUMIFS(Registro!$J:$J,Registro!$A:$A,I$3,Registro!$F:$F,$A13)) | ... AN13: =IF(SUMIFS(Registro!$J:$J,Registro!$A:$A,AN$3,Registro!$F:$F,$A13)=0,"",SUMIFS(Registro!$J:$J,Registro!$A:$A,AN$3,Registro!$F:$F,$A13))
A14: =Jugadores!$B$14 -> Jugador 10 | B14: =IF(SUMIFS(Registro!$J:$J,Registro!$A:$A,B$3,Registro!$F:$F,$A14)=0,"",SUMIFS(Registro!$J:$J,Registro!$A:$A,B$3,Registro!$F:$F,$A14)) | C14: =IF(SUMIFS(Registro!$J:$J,Registro!$A:$A,C$3,Registro!$F:$F,$A14)=0,"",SUMIFS(Registro!$J:$J,Registro!$A:$A,C$3,Registro!$F:$F,$A14)) | D14: =IF(SUMIFS(Registro!$J:$J,Registro!$A:$A,D$3,Registro!$F:$F,$A14)=0,"",SUMIFS(Registro!$J:$J,Registro!$A:$A,D$3,Registro!$F:$F,$A14)) | E14: =IF(SUMIFS(Registro!$J:$J,Registro!$A:$A,E$3,Registro!$F:$F,$A14)=0,"",SUMIFS(Registro!$J:$J,Registro!$A:$A,E$3,Registro!$F:$F,$A14)) | F14: =IF(SUMIFS(Registro!$J:$J,Registro!$A:$A,F$3,Registro!$F:$F,$A14)=0,"",SUMIFS(Registro!$J:$J,Registro!$A:$A,F$3,Registro!$F:$F,$A14)) | G14: =IF(SUMIFS(Registro!$J:$J,Registro!$A:$A,G$3,Registro!$F:$F,$A14)=0,"",SUMIFS(Registro!$J:$J,Registro!$A:$A,G$3,Registro!$F:$F,$A14)) | H14: =IF(SUMIFS(Registro!$J:$J,Registro!$A:$A,H$3,Registro!$F:$F,$A14)=0,"",SUMIFS(Registro!$J:$J,Registro!$A:$A,H$3,Registro!$F:$F,$A14)) | I14: =IF(SUMIFS(Registro!$J:$J,Registro!$A:$A,I$3,Registro!$F:$F,$A14)=0,"",SUMIFS(Registro!$J:$J,Registro!$A:$A,I$3,Registro!$F:$F,$A14)) | ... AN14: =IF(SUMIFS(Registro!$J:$J,Registro!$A:$A,AN$3,Registro!$F:$F,$A14)=0,"",SUMIFS(Registro!$J:$J,Registro!$A:$A,AN$3,Registro!$F:$F,$A14))
A15: =Jugadores!$B$15 -> Jugador 11 | B15: =IF(SUMIFS(Registro!$J:$J,Registro!$A:$A,B$3,Registro!$F:$F,$A15)=0,"",SUMIFS(Registro!$J:$J,Registro!$A:$A,B$3,Registro!$F:$F,$A15)) | C15: =IF(SUMIFS(Registro!$J:$J,Registro!$A:$A,C$3,Registro!$F:$F,$A15)=0,"",SUMIFS(Registro!$J:$J,Registro!$A:$A,C$3,Registro!$F:$F,$A15)) | D15: =IF(SUMIFS(Registro!$J:$J,Registro!$A:$A,D$3,Registro!$F:$F,$A15)=0,"",SUMIFS(Registro!$J:$J,Registro!$A:$A,D$3,Registro!$F:$F,$A15)) | E15: =IF(SUMIFS(Registro!$J:$J,Registro!$A:$A,E$3,Registro!$F:$F,$A15)=0,"",SUMIFS(Registro!$J:$J,Registro!$A:$A,E$3,Registro!$F:$F,$A15)) | F15: =IF(SUMIFS(Registro!$J:$J,Registro!$A:$A,F$3,Registro!$F:$F,$A15)=0,"",SUMIFS(Registro!$J:$J,Registro!$A:$A,F$3,Registro!$F:$F,$A15)) | G15: =IF(SUMIFS(Registro!$J:$J,Registro!$A:$A,G$3,Registro!$F:$F,$A15)=0,"",SUMIFS(Registro!$J:$J,Registro!$A:$A,G$3,Registro!$F:$F,$A15)) | H15: =IF(SUMIFS(Registro!$J:$J,Registro!$A:$A,H$3,Registro!$F:$F,$A15)=0,"",SUMIFS(Registro!$J:$J,Registro!$A:$A,H$3,Registro!$F:$F,$A15)) | I15: =IF(SUMIFS(Registro!$J:$J,Registro!$A:$A,I$3,Registro!$F:$F,$A15)=0,"",SUMIFS(Registro!$J:$J,Registro!$A:$A,I$3,Registro!$F:$F,$A15)) | ... AN15: =IF(SUMIFS(Registro!$J:$J,Registro!$A:$A,AN$3,Registro!$F:$F,$A15)=0,"",SUMIFS(Registro!$J:$J,Registro!$A:$A,AN$3,Registro!$F:$F,$A15))
A16: =Jugadores!$B$16 -> Jugador 12 | B16: =IF(SUMIFS(Registro!$J:$J,Registro!$A:$A,B$3,Registro!$F:$F,$A16)=0,"",SUMIFS(Registro!$J:$J,Registro!$A:$A,B$3,Registro!$F:$F,$A16)) | C16: =IF(SUMIFS(Registro!$J:$J,Registro!$A:$A,C$3,Registro!$F:$F,$A16)=0,"",SUMIFS(Registro!$J:$J,Registro!$A:$A,C$3,Registro!$F:$F,$A16)) | D16: =IF(SUMIFS(Registro!$J:$J,Registro!$A:$A,D$3,Registro!$F:$F,$A16)=0,"",SUMIFS(Registro!$J:$J,Registro!$A:$A,D$3,Registro!$F:$F,$A16)) | E16: =IF(SUMIFS(Registro!$J:$J,Registro!$A:$A,E$3,Registro!$F:$F,$A16)=0,"",SUMIFS(Registro!$J:$J,Registro!$A:$A,E$3,Registro!$F:$F,$A16)) | F16: =IF(SUMIFS(Registro!$J:$J,Registro!$A:$A,F$3,Registro!$F:$F,$A16)=0,"",SUMIFS(Registro!$J:$J,Registro!$A:$A,F$3,Registro!$F:$F,$A16)) | G16: =IF(SUMIFS(Registro!$J:$J,Registro!$A:$A,G$3,Registro!$F:$F,$A16)=0,"",SUMIFS(Registro!$J:$J,Registro!$A:$A,G$3,Registro!$F:$F,$A16)) | H16: =IF(SUMIFS(Registro!$J:$J,Registro!$A:$A,H$3,Registro!$F:$F,$A16)=0,"",SUMIFS(Registro!$J:$J,Registro!$A:$A,H$3,Registro!$F:$F,$A16)) | I16: =IF(SUMIFS(Registro!$J:$J,Registro!$A:$A,I$3,Registro!$F:$F,$A16)=0,"",SUMIFS(Registro!$J:$J,Registro!$A:$A,I$3,Registro!$F:$F,$A16)) | ... AN16: =IF(SUMIFS(Registro!$J:$J,Registro!$A:$A,AN$3,Registro!$F:$F,$A16)=0,"",SUMIFS(Registro!$J:$J,Registro!$A:$A,AN$3,Registro!$F:$F,$A16))
A17: =Jugadores!$B$17 -> Jugador 13 | B17: =IF(SUMIFS(Registro!$J:$J,Registro!$A:$A,B$3,Registro!$F:$F,$A17)=0,"",SUMIFS(Registro!$J:$J,Registro!$A:$A,B$3,Registro!$F:$F,$A17)) | C17: =IF(SUMIFS(Registro!$J:$J,Registro!$A:$A,C$3,Registro!$F:$F,$A17)=0,"",SUMIFS(Registro!$J:$J,Registro!$A:$A,C$3,Registro!$F:$F,$A17)) | D17: =IF(SUMIFS(Registro!$J:$J,Registro!$A:$A,D$3,Registro!$F:$F,$A17)=0,"",SUMIFS(Registro!$J:$J,Registro!$A:$A,D$3,Registro!$F:$F,$A17)) | E17: =IF(SUMIFS(Registro!$J:$J,Registro!$A:$A,E$3,Registro!$F:$F,$A17)=0,"",SUMIFS(Registro!$J:$J,Registro!$A:$A,E$3,Registro!$F:$F,$A17)) | F17: =IF(SUMIFS(Registro!$J:$J,Registro!$A:$A,F$3,Registro!$F:$F,$A17)=0,"",SUMIFS(Registro!$J:$J,Registro!$A:$A,F$3,Registro!$F:$F,$A17)) | G17: =IF(SUMIFS(Registro!$J:$J,Registro!$A:$A,G$3,Registro!$F:$F,$A17)=0,"",SUMIFS(Registro!$J:$J,Registro!$A:$A,G$3,Registro!$F:$F,$A17)) | H17: =IF(SUMIFS(Registro!$J:$J,Registro!$A:$A,H$3,Registro!$F:$F,$A17)=0,"",SUMIFS(Registro!$J:$J,Registro!$A:$A,H$3,Registro!$F:$F,$A17)) | I17: =IF(SUMIFS(Registro!$J:$J,Registro!$A:$A,I$3,Registro!$F:$F,$A17)=0,"",SUMIFS(Registro!$J:$J,Registro!$A:$A,I$3,Registro!$F:$F,$A17)) | ... AN17: =IF(SUMIFS(Registro!$J:$J,Registro!$A:$A,AN$3,Registro!$F:$F,$A17)=0,"",SUMIFS(Registro!$J:$J,Registro!$A:$A,AN$3,Registro!$F:$F,$A17))
A18: =Jugadores!$B$18 -> Jugador 14 | B18: =IF(SUMIFS(Registro!$J:$J,Registro!$A:$A,B$3,Registro!$F:$F,$A18)=0,"",SUMIFS(Registro!$J:$J,Registro!$A:$A,B$3,Registro!$F:$F,$A18)) | C18: =IF(SUMIFS(Registro!$J:$J,Registro!$A:$A,C$3,Registro!$F:$F,$A18)=0,"",SUMIFS(Registro!$J:$J,Registro!$A:$A,C$3,Registro!$F:$F,$A18)) | D18: =IF(SUMIFS(Registro!$J:$J,Registro!$A:$A,D$3,Registro!$F:$F,$A18)=0,"",SUMIFS(Registro!$J:$J,Registro!$A:$A,D$3,Registro!$F:$F,$A18)) | E18: =IF(SUMIFS(Registro!$J:$J,Registro!$A:$A,E$3,Registro!$F:$F,$A18)=0,"",SUMIFS(Registro!$J:$J,Registro!$A:$A,E$3,Registro!$F:$F,$A18)) | F18: =IF(SUMIFS(Registro!$J:$J,Registro!$A:$A,F$3,Registro!$F:$F,$A18)=0,"",SUMIFS(Registro!$J:$J,Registro!$A:$A,F$3,Registro!$F:$F,$A18)) | G18: =IF(SUMIFS(Registro!$J:$J,Registro!$A:$A,G$3,Registro!$F:$F,$A18)=0,"",SUMIFS(Registro!$J:$J,Registro!$A:$A,G$3,Registro!$F:$F,$A18)) | H18: =IF(SUMIFS(Registro!$J:$J,Registro!$A:$A,H$3,Registro!$F:$F,$A18)=0,"",SUMIFS(Registro!$J:$J,Registro!$A:$A,H$3,Registro!$F:$F,$A18)) | I18: =IF(SUMIFS(Registro!$J:$J,Registro!$A:$A,I$3,Registro!$F:$F,$A18)=0,"",SUMIFS(Registro!$J:$J,Registro!$A:$A,I$3,Registro!$F:$F,$A18)) | ... AN18: =IF(SUMIFS(Registro!$J:$J,Registro!$A:$A,AN$3,Registro!$F:$F,$A18)=0,"",SUMIFS(Registro!$J:$J,Registro!$A:$A,AN$3,Registro!$F:$F,$A18))
A20: Carga planificada | B20: 6 | C20: 8 | D20: 9 | E20: 6 | F20: 10 | G20: 8 | H20: 9 | I20: 10 | J20: 7 | K20: 9 | L20: 9 | M20: 6 | N20: 9 | O20: 7 | P20: 6 | Q20: 5 | R20: 3 | S20: 5 | T20: 6 | U20: 5 | V20: 5 | W20: 6 | X20: 4 | Y20: 6 | Z20: 4 | AA20: 5 | AB20: 4 | AC20: 10 | AD20: 5 | AE20: 7 | AF20: 6 | AG20: 5 | AH20: 5 | AI20: 6 | AJ20: 4 | AK20: 4 | AL20: 4 | AM20: 3 | AN20: 3
